"id","created_at","location","product_id","rating","title","text","polarity","subjectivity"
"634dbb3c32f45173afa245a2","2022-10-17 22:29:00+02","Kyritz","S0R3P0PM",5,"Toller Schuh ","Der Schuh gefÃ¤llt uns sehr gut, aber fÃ¤llt leider etwas kleiner aus als erwartet. Leider ist zur Zeit die grÃ¶ÃŸere Nummer ausverkauft und wir gehen vorerst leer aus. Vielleicht kommt ja noch Nachschub und wir kommen doch noch zu passenden Paar.","0.02022727272727274","0.5963636363636364"
"636d59035bb1623f9811b246","2022-11-10 21:03:00+01","Estorf","S0R3P0PM",5,"Adidas Samba ","Sehr bequem und gute Passform. Diese Sneaker gab es schon frÃ¼her und jetzt sind sie so beliebt, das sie fast nur noch ausverkauft und Ã¼berteuert sind. Da hatte ich bei Otto GlÃ¼ck. SchÃ¶n wÃ¤re es wenn sie auch mal wieder in weiÃŸ lieferbar sind.","0.39481481481481484","0.6814814814814816"
"62ad39fd53d95401da4e9628","2022-06-18 04:35:00+02","Berlin","S0R3P0PM",5,"perfekte FuÃŸballschuhe ","der schÃ¶nste coolste FuÃŸballschuh fÃ¼r Rasen, Halle oder andere Ballsportarten","0.55625","0.71875"
"63f79127b5edcb108d4409ec","2023-02-23 17:15:00+01","Guestrow","S0R3P0PM",2,"Ein schlechter Artikel ","Das sind keine echten SAMBA. WÃ¼rde ich nicht noch mal kaufen!!!!!!!!!!@@@","-0.5999999999999999","0.48333333333333334"
"6433ce0a71b1ea111f6b3b69","2023-04-10 10:51:00+02","Koeln","S0R3P0PM",5,"Toooop","",NULL,NULL
"64626316a0a72d059997917e","2023-05-15 18:51:00+02","Heilbronn","1637132928",1,"Falsche Ware geliefert","Schuhe in GrÃ¶sse 46 bestellt  sind in 39er GrÃ¶sse geliefert wurden","-0.5","0.9"
"64ac62baa3f1dd7be153e20a","2023-07-10 21:57:00+02","Renningen","1637132928",5,"Tolle fusball schuhe","FÃ¼r den Preis echt gut.WÃ¼rde sie weiter empfehlen.","0.75","0.675"
"648c4e45a7eb8c2d61330582","2023-06-16 13:57:00+02","Wieseth","1637132928",1,"Falsche GrÃ¶ÃŸe geliefert ","Schuhe in 46 bestellt und GrÃ¶ÃŸe 39 erhalten","-0.5","0.9"
"61e7ccba2b85b01e0988c534","2022-01-19 09:32:00+01","Leverkusen","886044273",5,"Die besten Fussballschuhe","Wer FuÃŸball spielt, soll sich auf jeden diese Schuhe holen. Das sind die besten Schuhe, die es auf dem Markt gibt. Nach dem ersten Spiel hatte ich keine Scheuerstellen am FuÃŸ. Der Schuh passt sich von der ersten Minute dem FuÃŸ an.Es wurde jedoch nicht im Original Karton geliefert.","0.4107142857142857","0.4023809523809524"
"63053aa34a433f57aef743ad","2022-08-23 22:37:00+02","Langenhagen","886044273",5,"Top ğŸ‘Ÿ ","Also sehr gut verarbeitet ich habe Sie eine Nummer grÃ¶ÃŸer bestellt hatte Sie vorher in meiner grÃ¶ÃŸer bestellt fehl etwas kleiner aus. Bin sehr zufrieden ğŸ‘ğŸ‘","0.12447916666666667","0.49583333333333335"
"6311d389d8a6ee56ca5e2c61","2022-09-02 11:57:00+02","Kamen","886044273",5,"Ein guter Artikel ","Ich muss sagen ein super Schuh ich habe ihn angezogen und er ist sehr angenehm zu tragen ich trage normal gr 43 da ist es besser eine Nummer grÃ¶ÃŸer zu nehmen.","0.5172222222222221","0.6666666666666666"
"631b082fc68f6807e69e860a","2022-09-09 11:32:00+02","Hamburg","886044273",5,"Super Schuh","Spiele schon seit Jahren mit diesem Schuh.Egal ob Grand,Rasen oder Kunstrasen Es ist ein Schuh fÃ¼r jeden Untergrund","0.8","0.75"
"613edc716d24680475e3868a","2021-09-13 07:06:00+02","Berlin","886044273",5,"Immer wieder ein toller Schuh â€¦","Der Copa Mundial begleitet mich seit vielen Jahren. Ob Hartplatz, Halle oder Naturrasen, jedes Modell ist super. Obwohl er neu ist, lÃ¤sst er sich sofort super tragen. WÃ¼rde ihn immer wieder kaufen.","0.5227272727272728","0.6007575757575757"
"612bcd5ee581393cd3d188a4","2021-08-29 20:09:00+02","Duisburg","886044273",5,"Ich kann Ã¼ber diesen Schuh nur sagen,  das ...","Ich kann Ã¼ber diesen Schuh nur sagen,  das er super bequem ist und der wahrscheinlich beste Schuh ist den man auf Kunstrasen tragen kann! Diesen Schuh kann man einfach nur jedem empfehlen!","0.1326388888888889","0.7944444444444444"
"63beb248a8518e658a9d0d2a","2023-01-11 13:57:00+01","Hamburg","886044273",5," ","Mindestens 1 Nummer grÃ¶ÃŸer bestellen Ich trage sonst 43 und 44 passt perfekt","0.2333333333333333","0.6333333333333333"
"62f0189b15848e455d17ed85","2022-08-07 21:55:00+02","Duisburg","886044273",5,"Sehr gut!","FÃ¼r jeden Platztyp geeignet!! Keine Blasen an den FÃ¼ÃŸen, gutes BallgefÃ¼hl...","0.853125","0.7100000000000001"
"62eb59aa9c264e0cdedc017e","2022-08-04 07:31:00+02","Brandenburg","886044273",5,"Perfekt","Perfekter Schuh fÃ¼r den FuÃŸball auf Kunstrasen. Gerne wieder.","0.475","1.0"
"5f2e9c89e8cc8000d0ea0279","2020-08-08 14:37:00+02","Hamm","886044273",5,"Klasse Artikel","Klasse FuÃŸballschuh. ist sehr bequem passt angegossen habe ne Nummer GrÃ¶ÃŸer genommen was auch eione gute Entscheidung war...Klasse Artikel","0.5640000000000001","0.72"
"6170153255b595733ed6f868","2021-10-20 15:10:00+02","Lampertheim       Lamper","886044273",5,"Toller Schuh","Der Mundial ist fÃ¼r mich der beste Schuh FÃ¼r Kunstrasen sitzt gut und ist angenehm zu tragen â€¦.wÃ¼rde in immer wieder kaufen","0.4","0.7124999999999999"
"61614c2b3c99d01398aa8d6c","2021-10-09 10:00:00+02","Hagen","886044273",5,"Ein super Artikel ","Super Schuh. Sehr bequem. Man sollte auf jeden Fall eine Nummer grÃ¶ÃŸer nehmen. Ansonsten super QualitÃ¤t wie auf dem Bild !","0.36944444444444446","0.5777777777777777"
"602d6bcb294471158b1dc8cc","2021-02-17 20:17:00+01","Dresden","886044273",5,"Toller Schuhe","Sehr schÃ¶ner und bequemer Schuh fÃ¼r breiten FuÃŸ.PersÃ¶nlich 2 Nummer grÃ¶ÃŸer bestellt,  fÃ¤llt kleiner aus","0.24666666666666667","0.575"
"62c402051bdaf525b39e39f0","2022-07-05 11:19:00+02","Bremen","886044273",4,"Prima QualitÃ¤tsschuh","Leider doch zu eng fÃ¼r breite FÃ¼ÃŸe. Haben schÃ¶n grÃ¶ÃŸer bestellt.  Leider nichts gebracht!","-0.0925","0.6925"
"61818ff0f6bfb24a78e60157","2021-11-02 20:22:00+01","Wuppertal","886044273",5,"Ein toller Artikel.","Ein sehr guter Sportschuh der sehr gut sitzt, man sollte aber eine Nummer grÃ¶ÃŸer nehmen.","0.655","0.7025000000000001"
"619907653c7c966cd24d6347","2021-11-20 15:34:00+01","Aidenbach","886044273",4,"Ein toller Adidas-Schuh!","Ein toller Adidas-Schuh der die QualitÃ¤t zeigt! NatÃ¼rlich eine Numer grÃ¶ÃŸer bestellen!","0.6666666666666666","0.6666666666666666"
"62e0567ec4526118686e5049","2022-07-26 23:02:00+02","Herne","886044273",5,"Eine gute Artikel ","WÃ¼rde ich gerne weiter empfehlen passt sehr gut QualitÃ¤t ist auch sehr schÃ¶n","0.5599999999999999","0.6333333333333334"
"6170546d55b595733ee9d2bd","2021-10-20 19:39:00+02","Kirchgellersen","886044273",5,"Toller Artikel der Freude bereitet ","Super Allround Schuh in bekannt guter QualitÃ¤t der hÃ¤lt was er verspricht.","0.4866666666666667","0.5233333333333333"
"619145827641f3582bedf7fa","2021-11-14 18:21:00+01","Berlin","886044273",5,"Falsch Geliefertâ€¦","Sind und zwar beste FuÃŸball Schuhe, aber hatte Gr.Nr 44 bestellt, anstatt richtige Schuhe Gr.Nr 44, haben sie mir Schuhe Gr.Nr 40 gelifert und leider nicht im Originalen Schuhe Karton! Musste sie wieder sofort als Retour zurÃ¼cksenden. Schon traurig echt schade fÃ¼r solche miÃŸ VerstÃ¤ndnisse. Falsche Gr., nicht im Original Karton. Ansonst fÃ¼r dieser Artikel kann mann negatives natÃ¼rlich kein Wort nichts sagen.","0.09937499999999999","0.66"
"60c3ea5e7f6169413350205e","2021-06-12 00:57:00+02","Bruessow","886044273",5,"Sehr gut","Das erste Training ohne einlaufen der Schuhe.  Und unerwartet keine Scheuerstellen am FuÃŸ. Der Schuh passt sich von der ersten Minute an. Mein bester Multi Schuh den ich je hatte.","0.472","0.5493333333333333"
"63f7c1a6b5edcb108d51bd32","2023-02-23 20:42:00+01","Hamburg","886044273",5,"Fussballschuhe ","Habe den Pumaschuh fÃ¼r mich gekauft, super bequem zum tragen. Habe eine Nummer grÃ¶ÃŸer genommen.","0.24444444444444446","0.6555555555555556"
"5fe3bbc2c526fa5277b89993","2020-12-23 22:50:00+01","Bremen","886044273",5,"Guter Schuh","Guter Schuh, kann man beim FuÃŸball gut tragen. Das Material ist auch qualitativ hochwertig. Man hat lange Freude an diesem Schuh, weil das Material, aus welchem er gefertigt ist, besonders gut ist.","0.435","0.54"
"641c22cbc5556250e70f9d57","2023-03-23 10:58:00+01","Buch","1400895055",5,"schÃ¶ne Sport Schuhe","Sport Schuhe von Puma in schwarz fÃ¼r die Halle. Top","0.3111111111111111","0.6444444444444445"
"63b9fb6a92e360311def929b","2023-01-08 00:08:00+01","Goch","886044273",4,"SchÃ¶n ","Sehr guter Schuh , kann man auch in der Freizeit gut tragen. Er ist sehr bequem und doch eng am FuÃŸ. ğŸ‘","0.4502857142857143","0.7731428571428571"
"5eb1b053a5232146f7856a35","2020-05-05 20:28:00+02","Flensburg","886044273",5,"Toller Schuh mit super Passform","Mein Mann ist sehr begeistert. Er hat es immer schwer einen passenden Schuh zu finden und hat diesen Schuh auch fÃ¼r Rasen. Sehr strapazierfÃ¤hig und robust. Mit ein wenig Pflege hÃ¤lt er ewig.","0.28291666666666665","0.7317708333333334"
"631e6655285446083a0a22a3","2022-09-12 00:51:00+02","Duisburg","886044273",5,"Die Marke sagt eigentlich schon alles aus,  ...","Die Marke sagt eigentlich schon alles aus,  mit Adidas kann man nichts falsch machen","-0.16666666666666666","0.3666666666666667"
"641cdea952288575fb108825","2023-03-24 00:20:00+01","Bad Vilbel","886044273",4,"","",NULL,NULL
"63ee05d03b52593c9f3055f2","2023-02-16 11:30:00+01","Sebnitz","886044273",5,"Exzellent","Exzellent.  Ich empfehle es","1.0","1.0"
"63e693958e0cd46d30fb27d0","2023-02-10 19:57:00+01","Sinsheim","886044273",5,"","",NULL,NULL
"5f33c66724f9eb423684b86b","2020-08-12 12:37:00+02","Forst","886044273",5,"Toller Schuh ","Ich habe diesen Schuh vom Hause Adidas schon vor gut 15 Jahren getragen. 15 Jahre spÃ¤ter ist er fÃ¼r mich immernoch der Schuh schlechthin!","0.4","0.375"
"5f5fb8b8fef8b459e9375a6f","2020-09-14 20:38:00+02","Berlin","886044273",5,"Toller FuÃŸballschuh ","Dieser FuÃŸballschuh ist schon seit Jahren auf dem Markt und zÃ¤hlt zu den besten die es gibt . Ist sehr zu empfehlen","0.6533333333333333","0.5299999999999999"
"5fe20518c526fa527767efff","2020-12-22 15:39:00+01","Magdeburg","886044273",5,"Bin zufrieden","Von der lieferung, bis zum artikel selbst habe ich nichts zu beanstanden, kann ich problemlos weiter empfehlen.","0.4666666666666667","0.9166666666666667"
"5e2ede839394d03e494ddef5","2020-01-27 13:58:00+01","Bad Soden","886044273",5,"tolle Schuhe","die Schuhe sind super und sehr bequem, fÃ¼r Kunstrasen is ein Must Have, leider die Schuhe sind auch sehr kleine","0.11583333333333334","0.8366666666666666"
"5ec8e8335f3621678d2ac873","2020-05-23 11:09:00+02","Berlin","886044273",5,"FuÃŸballschuh","Jeder der ihn schon mal hatte weiss wo von ich schreibe   Das ist der beste FuÃŸballnoppenschuh   den es gibt","1.0","0.3"
"5ebeefa04444961f48060c1b","2020-05-15 21:38:00+02","Magdeburg","886044273",5,"Toller Schuh","Super zum Spielen auf Kunstrasen, der Lederschuh ist sehr gut verarbeitet nur leider zu groÃŸ deshalb zurÃ¼ck.","0.11666666666666665","0.65"
"5fc12ef5464e296364337a56","2020-11-27 17:53:00+01","Muenchen","886044273",5,"Besten Fussballschuhe ","Auf Kunstrasen kann ich nur mit diesen Schuhen spielen. Die alten Klassiker sind doch die besten Schuhe :-)","0.3333333333333333","0.6333333333333333"
"5f8614b8130ed87b19779d41","2020-10-13 22:57:00+02","Oberhausen","886044273",3,"Toller Artikel ,nur zu groÃŸ geliefert !","Habe GrÃ¶ÃŸe 43 bestellt und es wurde 43 1/3 geliefert!!! Der Schuh an sich sieht schÃ¶n aus !!!","0.6","0.6166666666666667"
"5ff4843c2121254d5fd78c55","2021-01-05 16:22:00+01","Hamburg","886044273",5,"Mein Mann sagt, das ist ein super bequemer ...","Mein Mann sagt, das ist ein super bequemer Schuh. Material und Verarbeitung sind sehr gut.","0.4753333333333334","0.7426666666666668"
"5f719cfcd1057c7459d81547","2020-09-28 10:21:00+02","Garbsen","886044273",5,"Ein sehr schÃ¶nes fussball Schuhe ğŸ‘Ÿ ","Past perfekt ' ich habe nicht lange  Ã¼berlegt  zu Bestellen. SCHNELLER LIEFERUNG, Top","0.3633333333333333","0.625"
"62bf32c3e3c5d820c7e6eeca","2022-07-01 19:45:00+02","Wiesbaden","886044273",4,"Beschwerden ","Ich mÃ¶chte fÃ¼r Schuhe Beschwerden .  Nach kurzer Zeit der Nutzung sind sie kaputt","-0.2","0.35"
"5f830263ad08f53458f6d29b","2020-10-11 15:02:00+02","Schorfheide","886044273",5,"Perfekter Schuh","Gesehen, bestellt, anprobiert!  Ein Schuh von Adidas passt eben immer! 5 Sterne.","1.0","1.0"
"61195d5843fc376902a78714","2021-08-15 20:30:00+02","Panketal","886044273",5,"Klasse ","Schon frÃ¼her ein geiler Schuh gewesen und Heute immer noch.","0.0","0.0"
"6409e9377dc87373666976bc","2023-03-09 15:12:00+01","Muenchen","S075O0EL",3,"Leider mÃ¼sste ich Artikel zurÃ¼ck senden ","Sind schÃ¶nen Schule leider sind zu kelein normalerweise 42 GrÃ¶ÃŸe hat meine schon 42/5 habe ich bestellt trotzdem sind zu klein und eng","-0.12142857142857144","0.5785714285714285"
"64a94ff33997c231d30dcfe5","2023-07-08 14:00:00+02","Garbsen","1688792584",5,"","",NULL,NULL
"60830c4ba79ca3667c295d68","2021-04-23 20:04:00+02","Hamburg","603911418",5,"Stabile Gerat","Der hier erworbene Schuh des Kaisers persÃ¶nlich passt nach einigen Spielstunden wie angegossen und auch sonst Top verarbeitet - nur die SchnÃ¼rsenkel, er ist etwas zu lang fÃ¼r mein Geschmack. Trotzdem der Schuh, er kriegt 5 von 5 mÃ¶glichen Ottos","-0.07291666666666667","0.5499999999999999"
"5d3d57a6886c0a000655e874","2019-07-28 10:07:00+02","Rothenburg","603911418",5,"ein hervorragender Klassiker","ich habe den Schuh frÃ¼her ca. 20 Jahre (!) lang getragen - einfach super. Aber da die ""Empfehlung"" ""eine Nummer grÃ¶ÃŸer bestellen, da klein ausfÃ¤llt"" hat mich irregeleitet - habe 43 bestellt, ist viel zu groÃŸ - jedoch zu schmal, viel zu eng! leider - hoffentlich gibts den mit GrÃ¶ÃŸe 42 und  b r e i t ?!","0.026282051282051307","0.6166666666666667"
"64ba4edd8564e51f19365523","2023-07-21 11:24:00+02","Edermuende","603911418",5,"Tradition","Ein guter schwarzer FuÃŸballschuh. Preisleistung in Ordnung. Nicht so perfekt wie der Coppa Mundial dafÃ¼r aber eine Ecke billiger!","0.5083333333333333","0.6333333333333333"
"61a29d1ba2a4a0127430a266","2021-11-27 22:03:00+01","Langenselbold","603911418",5,"Toller Fussballschuh ! ","Servus als erstes zur Info ich habe mir die Schuhe in 43 kommen lassen , man sollte ja eine Nr. GrÃ¶sser bestellen dies ist falsch soooooo falsch ich habe 42 und die in 43 die gekommen sind sind viel zu gross . Die selben in Alustollen passen bei 43 . Aber diese hier mit Nocken mit eine Nr grÃ¶sser ist falsch . Ich habe Sie mir jetzt in 42 bestellt mal Achten darauf. âš  .","0.025","0.5908333333333333"
"5c55d4f3df97740006de6873","2019-02-02 18:35:00+01","Langenau","603911418",5,"tolle Schuhe","Die Klassiker unter die Kickschuen! Sehr bequem und angenehm zu tragen. Ich habe sie eine Nr. grÃ¶sser deshalb passt er perfekt.Die Schuhe sind etwas schwer aber das soll ja kein Hindernis sein, sie fÃ¼hlen sich trotzdem angenehm an. kann ich nur empfehlen!","0.33910714285714283","0.8473214285714284"
"63d7b779a69626191a459f3a","2023-01-30 13:26:00+01","Neu-Isenburg","603911418",5,"Super ","Meine Sohn ist super zufrieden mit seine neue FuÃŸballschuh,ich bin zufrieden mit QualitÃ¤t und super Angebot bei Otto,nur zum Empfehlung ğŸ‘","0.46709956709956707","0.8387445887445887"
"634a555daa99ae4d2788604a","2022-10-15 08:38:00+02","Koeln","603911418",5,"Ãœber die Schuhe braucht man nicht viel sagen ...","Ãœber die Schuhe braucht man nicht viel sagen aber Ã¼ber Otto.  Da steht fÃ¤llt klein aus bitte eine GrÃ¶ÃŸe grÃ¶ÃŸer bestellen.  BloÃŸ dem nicht folgen.","0.13333333333333333","0.3"
"5f5b2f2d9ea0be041b5eb7e7","2020-09-11 10:02:00+02","Gaggenau","603911418",5,"Gute QualitÃ¤t zum gÃ¼nstigen Preis","Sehr bequem, weiches Material sehr gut zu tragen. Die Stollen sind gut geeignet fÃ¼r den Hartplatz und auch fÃ¼r den Rasen. Zeitloses Modell das man zu allen Trikotfarben tragen kann.","0.3183333333333333","0.6983333333333334"
"5d8281c1fb72b50006e913ad","2019-09-18 21:13:00+02","Dortmund","603911418",5,"Jederzeit wieder ","Dieser Schuh ist bequem und wirklich ein Original. Weiches Leder schmiegt sich um den Fuss und passt sich der Fussform genau an. Ein Muss fÃ¼r jeden Fussballer! GrÃ¶ÃŸe normal.","0.26749999999999996","0.5599999999999999"
"61804a553811971542ab5e45","2021-11-01 21:13:00+01","Neetzow-Liepen","603911418",5,"FÃ¼r breite FÃ¼ÃŸe gut geeignet","angenehmer Tragekomfort, entspricht der GrÃ¶ÃŸenangabe, schnelle Lieferung","0.27777777777777773","0.6555555555555556"
"614a1141d1816568e9db3c99","2021-09-21 19:07:00+02","Bottrop","603911418",4,"Der Schuh ist okay","In Anbetracht dass es ein fuÃŸballschuhe ist sollte man damit auch FuÃŸball spielen kÃ¶nnen ohne dass nach zweimaligem tragen sich NÃ¤hte lÃ¶sen. Ansonsten ein schÃ¶ner Schuh.","0.5333333333333333","0.7083333333333334"
"621e5790c4b1c179dc6f1a9c","2022-03-01 18:27:00+01","Havelberg","603911418",5,"FuÃŸballschuhe ","Hatte mich auf die vorhergehenden Bewertungen verlassen und eine Nummer grÃ¶ÃŸer bestellt. War viel zu groÃŸâ€¦ meine Empfehlungâ€¦ auf jeden Fall grÃ¶ÃŸengerecht bestellen!","0.09166666666666667","0.35333333333333333"
"63ed278cc57b4f0363c49edd","2023-02-15 19:42:00+01","Stadthagen","603911418",5,"Toller Schuh ","Passt sehr gut und ist sehr angenehm zu tragen.","0.6511111111111111","0.6833333333333332"
"60c84fa30307446cf754869a","2021-06-15 08:58:00+02","Eggesin","603911418",5,"Top!!!","Habe die Schuhe fÃ¼r meinen Sohn bestellt. Er sagt, das sind die besten Schuhe, die er je hatte. Sie sind super bequem und gerade fÃ¼r breite FÃ¼ÃŸe perfekt!","0.5974826388888889","0.611111111111111"
"6140f2191d7eca3b7d14da14","2021-09-14 21:03:00+02","Kellinghusen","603911418",5,"Ein Klassiker","Habe mich nach langer Zeit entschlossen, wieder ein wenig zu kicken. Schuh hat tolle Passform und eine super Verarbeitung. Absolute Kaufempfehlung.","0.3041666666666667","0.5523809523809524"
"5d6e626b5e528f0007439f58","2019-09-03 14:54:00+02","Bautzen","603911418",5,"Ein klasse FusÃŸballschuh","ein Klassiker, der alle Voraussetzungen fÃ¼r einen guten FuÃŸballschuh erfÃ¼llt. Passt super und spielt sich klasse. Kann ich nur weiterempfehlen..","0.5444444444444444","0.6694444444444444"
"60dc4005231ae3496dba2be3","2021-06-30 11:57:00+02","Rottenburg","603911418",5,"fÃ¤llt klein aus",".... passt aber perfekt, wenn man eine Nummer bzw. eine halbe Nummer grÃ¶ÃŸer bestellt, Adidas eben, auch von der QualitÃ¤t her, Adidas eben, top!","0.2416666666666667","0.5133333333333333"
"5f3772f6bdf9c26f5a3455ce","2020-08-15 07:30:00+02","Winseldorf","603911418",3,"Viel zu groÃŸ trotz eine Nummer grÃ¶ÃŸer","Viel zu groÃŸ. Ich hÃ¤tte diesen Schuh jetzt gebraucht , habe extra eine Nummer GrÃ¶ÃŸe bestellt u dann ist der Schuh viel zu groÃŸ !! Sehr schade","-0.051249999999999976","0.38333333333333336"
"60b7e29c2510da5d498da1eb","2021-06-02 21:57:00+02","Tangermuende","603911418",5,"Top Produkt ","Sehr gute QualitÃ¤t, einfach aber fÃ¼r mich gut aussehend ( wie frÃ¼her ) , habe aber auch von Adidas nichts anderes erwartet! Kaufempfehlung","0.4295833333333333","0.6283333333333334"
"6196906a98f9d2634d8da21a","2021-11-18 18:42:00+01","Luebeck","603911418",5,"Super Schuh","Was soll man hier noch sagen, ein Klassiker der aus echtem Leder ist. Bestelle ich immer etwas kleiner, da er sich noch extrem Weitet","0.14652777777777778","0.4361111111111111"
"6193a292818c3820430f30e7","2021-11-16 13:22:00+01","Blankensee","603911418",5,"Fussballschuhe","Habe diesen Artikel schon zum zweiten Mal gekauft. Top QualitÃ¤t und entspanntes Tragen / Laufen. Kann diesen Artikel nur empfehlen .","0.16666666666666666","0.5"
"5c921de7a4cc31000651ba46","2019-03-20 12:03:00+01","Castrop-Rauxel","603911418",4,"Leider etwas spÃ¤t aber die Schuhe sind super","Die Schuhe sind klasse ich finde es sind die 2 besten die man sich kaufen kann waren zwar etwas zu spÃ¤t aber trotzdem klasse Schuhe","0.37321428571428567","0.6071428571428571"
"610fbf1e0284ab31aa3ada54","2021-08-08 13:25:00+02","Waldbronn","603911418",5,"BewÃ¤hrte Schuhe","Mein LebensgefÃ¤hrte schwÃ¶rt schon seit Jahren auf dieses Schuhpaar. Gute QualitÃ¤t, die trotz Belastung einige Jahre hÃ¤lt.","0.24999999999999997","0.35000000000000003"
"61652e2de17b371fef716732","2021-10-12 08:41:00+02","Waldfeucht","603911418",5,"Super Schuh","Lederschuhe wie frÃ¼her, nicht diese Plastikschuhe wie heute Ã¼blich. Dadurch ein ganz anderer Tragekomfort.","0.18333333333333335","0.5333333333333333"
"5b948e1b8341e50006683d7d","2018-09-09 05:06:00+02","Woellstein","603911418",5,"Toller Artikel","Das Material ist sehr gut verarbeitet, Passform ist perfekt die SchuhgrÃ¶ÃŸe stimmt auch wie angegeben.","0.6","0.6125"
"5b197179e3c63b000524c86a","2018-06-07 19:55:00+02","Koenigs Wusterhausen Zer","603911418",5,"Ein toller Schuh","Das Material ist sehr gut verarbeitet, Passform ist perfekt die SchuhgrÃ¶ÃŸe stimmt auch wie angegeben.","0.6","0.6125"
"611b7aae2d904528765018e4","2021-08-17 11:00:00+02","Hannover","603911418",5,"Samba unverwÃ¼stlich","Habe die gleiche GrÃ¶ÃŸe bestellt wie vor X Jahren - und die Schuhe passen. Klassiker bleibt Klassiker","0.18333333333333332","0.21458333333333332"
"60c51ff77f616941339cec73","2021-06-12 22:58:00+02","Essen","603911418",5,"Ein toller Artikel wÃ¼rde ich immer gerne weit","Ein toller Artikel wÃ¼rde ich immer gerne weiter empfehlen.Super leicht wÃ¼rde ich immer wieder kaufen","0.5083333333333334","0.7916666666666666"
"5f3d3507b076ba03e0c1a465","2020-08-19 16:19:00+02","Borgentreich","603911418",5,"Super Schuh","Super passform, weiches Material. LÃ¤uftr etwas spitz zu, daher eine 1/2 Nummer grÃ¶sser bestellen.","0.31875000000000003","0.5416666666666666"
"5c96cf23b57e9a0007d38b69","2019-03-24 01:28:00+01","Neuss","603911418",5,"Toller Schuh","Ich hatte diesen Schuh schon vor Jahren Sehr heute Verarbeitung HÃ¤lt sehr lange Gute QualitÃ¤t","0.395","0.6425000000000001"
"5ae83b2e8904060001f1e8de","2018-05-01 12:02:00+02","Hechingen","603911418",4,"Super","Guter halt und sehr angenehm zum tragen. Man kann sowohl gut daein laufen, als auch schieÃŸen","0.8844444444444445","0.8666666666666667"
"615df4dc82cf7f5a4342f0d4","2021-10-06 21:11:00+02","Nuernberg","603911418",5,"Gute FuÃŸballschuh","Gute FuÃŸballschuh, macht einen guten Eindruck, nur muss die passende GrÃ¶ÃŸe bestellt werden.","0.47714285714285704","0.6671428571428571"
"5b3a13e0953e920005a00d33","2018-07-02 14:00:00+02","Dresden","603911418",5,"Geil wie immer ","Bester FuÃŸballschuh den man finden kann . Da steckt noch QualitÃ¤t drin ğŸ‘ğŸ»","0.675","0.475"
"5e6fbe0bd521fd43d962fbee","2020-03-16 18:57:00+01","Ramstein-Miesenbach","603911418",5,"Top","Der Schuh ist Mega, mÃ¼ÃŸte jeder fussballer kennen. Genau das richtige fÃ¼r platte FÃ¼ÃŸe.","0.39285714285714285","0.5178571428571428"
"61c38997d0d5a17358a91578","2021-12-22 21:24:00+01","Waldenburg","603911418",3,"Toll artikel ","Diese Schuhe sind gut und leicht, mann kann gut laufen. Ich wurde es weiterempfehlen","0.6333333333333333","0.6833333333333332"
"5e69f345320dcb66a609d702","2020-03-12 09:31:00+01","Bleckede","603911418",5,"Ein echt toller Schuh","Sehr FuÃŸballschuh ist genial- auch fÃ¼r einen hohen Spann sehr geeignet .Sehr robust!","0.475","0.713"
"5e2caa4cea29da1d5670daf6","2020-01-25 21:51:00+01","Gladbeck","603911418",5,"Top artikel","Artikel kam schnell an sieht toll aus.eine nr grÃ¶sser bestellt passt superğŸ™ƒ","0.41666666666666663","0.5"
"61b85775d62f0c44e5db5502","2021-12-14 09:36:00+01","Ellrich","603911418",5,"QualitÃ¤t spricht","Super toller und bester Schuh ever!Adidas verspricht das, wofÃ¼r der Name steht!","0.7111111111111111","0.5722222222222222"
"6135aef6784aed7594f18456","2021-09-06 08:02:00+02","Herford","603911418",5,"Sehr guter Artikel ","Ganz tolle Schuhe super Design und sehr bequem WÃ¼rde ich immer wieder kaufen","0.7575","0.8200000000000001"
"5d528e4a14e32700068093a8","2019-08-13 12:17:00+02","Zweibruecken","603911418",5,"Ein sehr toller Fussballschuh","Der Turnschuh ist sehr bequem. Ruhig in der SchuhgrÃ¶ÃŸe bestellen wo man hat.","0.6066666666666667","0.9083333333333333"
"5d1f10e82bf68600062afba1","2019-07-05 10:57:00+02","ZOERBIG           SCHORT","603911418",5,"Toller Artikel ","Super QualitÃ¤t... Preis - Leistung ğŸ‘ğŸ»... gern zu empfehlen","0.6444444444444445","0.8055555555555555"
"60bd2b36b6ca3a72314334ef","2021-06-06 22:08:00+02","Koeln","603911418",5,"Der Kaiser der Beste ","Diesen Schuhe kann ich nur empfehlen sehr gute Passform gute Verarbeitung","0.602","0.616"
"619a57ad3c7c966cd2a86e69","2021-11-21 15:29:00+01","Erftstadt","603911418",5,"Schuhe ","Top QualitÃ¤t, wÃ¼rde ich wieder kaufen, schnelle und pÃ¼nktliche Lieferung","0.41666666666666663","0.5"
"612b8dc1e581393cd3b9de33","2021-08-29 15:38:00+02","Hamminkeln","603911418",5,"Toller FuÃŸballschuh","Toller FuÃŸballschuh mit guter QualitÃ¤t. Gute Verarbeitung des Materials!","0.79375","0.675"
"5d909cc2e082160006aa0399","2019-09-29 14:00:00+02","Burbach","603911418",3,"kann man kaufen","fÃ¼r hobby fussballer reicht es aus leider die sole vorne geht immer auf","-0.5","1.0"
"5b19645bc31f280005da1123","2018-06-07 18:59:00+02","Muenchen","603911418",5,"Ein TOP Artikel ","Ein TOP Artikel ich es nur empfehlen sehr bequem und leicht zu tragen","0.39066666666666666","0.7666666666666667"
"5d82bdeddf4fa70006fdcf5c","2019-09-19 01:29:00+02","Soellingen","603911418",5,"Super FuÃŸballschuh!","Sehr angenehm zu tragen, einfach ein Top Schuh hat mein Sohn gesagt.","0.8177777777777777","0.75"
"615e8c5b82cf7f5a4361341e","2021-10-07 07:57:00+02","Bremen","603911418",5,"Ein toller Artikel ","Ein toller Artikel wÃ¼rde den Artikel auf jeden Fall weiterempfehlen","0.5333333333333333","0.6666666666666666"
"612f52f6731db1256456328b","2021-09-01 12:16:00+02","Gelsenkirchen","603911418",5,"Artikel sehr gut schnelle lieferung. Kann ...","Artikel sehr gut schnelle lieferung. Kann nur weiteremfehlen","0.2285714285714286","0.6"
"60c649547f61694133ec4b75","2021-06-13 20:07:00+02","Salzwedel","603911418",5,"Ein super Schuh... ","Die Passform ist einfach super.. Und passt zu meinem fuss..","0.6666666666666666","0.6333333333333333"
"607564cba0a3871cfc42134c","2021-04-13 11:30:00+02","Rottenburg","603911418",5,"Alles bestens gerne wieder , top QualitÃ¤t ...","Alles bestens gerne wieder , top QualitÃ¤t nur zu empfehlen","0.3666666666666667","0.6"
"5e25f69a1e745d30c9b57756","2020-01-20 19:51:00+01","Unna","603911418",5,"Toller Schuh.","Genau wie erwartet.Sehr guter Schuh.Passt wie angegeben.","0.35000000000000003","0.575"
"5ac0e542311c4300011c9f05","2018-04-01 15:57:00+02","Berg","603911418",5,"So soll ein FuÃŸballschuh sein","Gute QualitÃ¤t, einfach schlichtes Design, gut zu reinigen.","0.375","0.6226190476190477"
"5e3e6331c310333803843aae","2020-02-08 08:28:00+01","Heilbronn","603911418",5,"Da muss mann nicht viel sagen das sind die ...","Da muss mann nicht viel sagen das sind die beste Schuhe.","0.4666666666666666","0.2333333333333333"
"61bf5530c93fb01882303c70","2021-12-19 16:52:00+01","Mainz","603911418",5,"Schuhe","Sehr schÃ¶nes Schuhe wie auf dem Bild zus sehen herlich","0.78","1.0"
"5f033e741444ab07f230126c","2020-07-06 17:08:00+02","Gemuenden","603911418",5,"klasse FuÃŸballschuh","passt wie angegossen, super bequem, immer gerne wieder","0.5083333333333333","0.8041666666666667"
"5d5ba1b4b74e5c0006b67a22","2019-08-20 09:31:00+02","Esslingen","603911418",5,"Toll ! ","Super Schuhe ! Super verarbeitet und tolles Material .","0.7833333333333334","0.7291666666666666"
"61424c31c0fd9a15c9eeff33","2021-09-15 21:40:00+02","Heidesee","603911418",5,"Weich und bequem.","Ein leichter toller Schuh, mein Enkel ist begeistert.","0.4600000000000001","0.6599999999999999"
"5cf4d109ec17920006979919","2019-06-03 09:49:00+02","Dresden","603911418",5,"Ein super,toller Schuh.","Super FuÃŸballschuh. Sieht toll aus und passt perfekt.","0.8400000000000001","0.8"
"624c764a6304be3ac3c5d3c1","2022-04-05 19:03:00+02","Nebra","603911418",5,"Ein toller Schuh","Ein toller Schuh, sehr weiches Leder, gute Passform.","0.566","0.591"
"6112c1d26400272bf513cb23","2021-08-10 20:13:00+02","Wenden","603911418",3,"SchÃ¶ner FuÃŸballschuh","Leider fÃ¤llt er klein aus und deshalb ging er zurÃ¼ck","0.033333333333333326","0.43333333333333335"
"5de4010a571c04615f4d3bd7","2019-12-01 19:06:00+01","Westerholt","603911418",5,"Immer wieder....","Ideal fÃ¼r Training und Fussballspiel, voll toll....","0.43333333333333335","0.7166666666666667"
"644a502a20463c4a3bc3afc0","2023-04-27 12:36:00+02","Efringen-Kirchen","1626968671",4,"Tolle FuÃŸballschuhe ","Passt perfekt wenn man eine Nummer grÃ¶ÃŸer nimmt!","0.6","0.75"
"641315522d59024513ec5152","2023-03-16 14:10:00+01","Siegen","1626968671",3,"Teuer fÃ¼r diese QualitÃ¤t ","",NULL,NULL
"63cead9ed69c461c5160038f","2023-01-23 16:54:00+01","Wuppertal","1537646191",5,"Super Artikel ","ğŸ˜ƒğŸ˜ƒğŸ˜ƒğŸ˜ƒğŸ˜ƒğŸ˜ƒğŸ˜ƒğŸ˜ƒğŸ˜ƒğŸ˜ƒğŸ˜ƒğŸ˜ƒğŸ˜ƒğŸ˜ƒğŸ˜ƒğŸ˜ƒğŸ˜ƒğŸ˜ƒğŸ˜ƒğŸ˜ƒğŸ˜ƒğŸ˜ƒğŸ˜ƒğŸ˜ƒğŸ˜ƒğŸ˜ƒğŸ˜ƒğŸ˜ƒğŸ˜ƒğŸ˜ğŸ˜ğŸ˜ğŸ˜ğŸ˜ğŸ˜ğŸ˜ğŸ˜ğŸ˜ğŸ˜ğŸ˜ğŸ˜ğŸ˜ğŸ˜ğŸ˜ğŸ˜ğŸ˜ğŸ˜ğŸ˜ğŸ˜ğŸ˜ğŸ˜ğŸ˜ğŸ˜ğŸ˜ğŸ˜ğŸ˜ğŸ˜","0.8","0.75"
"6499eeed6145437a95f03283","2023-06-26 22:02:00+02","Friesenheim","1537646191",2,"Sehr schlechter FuÃŸballschuh ","Mein Sohn hat noch nie so viel Probleme mit einem FuÃŸballschuh gehabt, wie mit diesenâ€¦StÃ¤ndig Blasen und Druckstellen im Fersenbereichâ€¦ Viel Geld fÃ¼r wenig Schuh.","-0.22437499999999994","0.475"
"6408283f32de2a4cd467e598","2023-03-08 07:16:00+01","Witten","1537646191",5,"Farbenmix","Mein Sohn liebt diese Schuhe.  Gerne wieder","0.5","1.0"
"636abd3f0128064353cd6476","2022-11-08 21:34:00+01","Hilpoltstein","1537648295",5,"Tolle Schuhe ","Wir haben vor kurzem diese Schuhe fÃ¼r mein Sohn gekauft ,der ist sehr zufrieden.","0.4833333333333334","0.6666666666666666"
"638214829dfb83540832e41a","2022-11-26 14:28:00+01","Weissenthurm","1537648295",5,"SchÃ¶ner Schuh","Ist ein Geschenk fÃ¼r meinen Sohn daher kann ich nicht viel sagen. Die Farbe ist toll und mein Sohn hatte diesen Schuh schon mal so Ã¤hnlich und der war von der QualitÃ¤t top","0.42000000000000004","0.5700000000000001"
"64b5a6040c1b572392eb355c","2023-07-17 22:35:00+02","Ahlen","1537648295",5,"Super","Der Schuh ist genauso wie beschrieben ,man muss nur eine GrÃ¶ÃŸe grÃ¶ÃŸer nehmen . Mein Sohn ist begeistert","0.4","0.8"
"64a5e87c5730ad7e31a9f022","2023-07-06 00:02:00+02","Freiburg","1537648295",4,"gut","schÃ¶n ğŸ‘","0.6499999999999999","0.8"
"63d0e74a0565b15594d485f6","2023-01-25 09:24:00+01","Waging A See","1537648295",4,"schÃ¶ner Schuh","Der Schuh ist super schÃ¶n aber viel zu klein hatte eine Nummer grÃ¶ÃŸer bestellt. Habe sie nochmals bestellt 2 Nummern grÃ¶ÃŸer.","0.21190476190476187","0.6095238095238095"
"63bfa51ca8518e658ae7aeef","2023-01-12 07:13:00+01","Muenchen","1537648295",1,"","",NULL,NULL
"6492051785cbd12e8cf12122","2023-06-20 21:59:00+02","Neumuenster","1626968673",3,"Artikel entspricht nicht der Empfehlung ","Leider viel zu klein, trotz der Empfehlung eine Nr. grÃ¶ÃŸer zu bestellen, was ich tat, bin ich noch nicht einmal in den Schuh rein gekommen, viel zu schmal und eng geschnittenâ€¦trage normalerweise Gr. 39,daher leider nicht zu empfehlen und ging direkt nach der versuchten Anprobe zurÃ¼ckâ€¦","0.07589285714285714","0.4151785714285714"
"64943e9780890b0ab768e3fb","2023-06-22 14:29:00+02","Koeln","1626968673",5,"","",NULL,NULL
"6450c5cce46a1f2340b079d5","2023-05-02 10:11:00+02","Ibbenbueren","1626962898",4,"PUMA ULTRA PLAY TT FuÃŸballschuh","Super pass genauer PUMA ULTRA PLAY TT FuÃŸballschuh Immer wieder gerne","0.5444444444444444","0.7222222222222222"
"6420c97f09fe9f1536aeeffb","2023-03-27 00:38:00+02","Gaeufelden","1626962898",1,"Zu klein und zu eng","Die Schuhe fallen klein aus. Von der Breite sind die zu eng.","-0.21964285714285714","0.37142857142857144"
"64c16cf7922d762f25556264","2023-07-26 20:59:00+02","Bochum","1637133243",5,"Guter Fussballschuh","Guter Schuh Gute sporteigenschaften","0.6999999999999998","0.6000000000000001"
"64479c7ee95a670b8803e358","2023-04-25 11:25:00+02","Roethlein","1637133243",3,"Ã¼berteuerter Schuh","in meinen Augen den Preis Ã¼berhaupt nicht Wert, kann fÃ¼r mich da keinen Mehrwert erkennen","-0.15","0.1"
"6481ac8fd8107743c8a037d4","2023-06-08 12:25:00+02","Schorssow","1637133243",5,"KrÃ¤ftige Farben ","Wie abgebildet. Toller und bequemer Schuh","0.6166666666666667","0.7416666666666667"
"640f3924d4350964224d6956","2023-03-13 15:54:00+01","Hohenmoelsen","1637133243",5,"Alles bestens ","Alles bestens. Gute QualitÃ¤t. Gerne wieder.","0.8","0.55"
"645ce40523fcda57763ce5b6","2023-05-11 14:48:00+02","Mannheim","1626968668",5,"Mein Freund hat zufrieden ","Mein Freund ist soweit zufrieden , die Schuhe fallen aber doch sehr schmal aus ,deshalb hat er sie eine Nummer grÃ¶ÃŸer bestellt .","0.05666666666666668","0.7200000000000001"
"5f6a2ef4fc8b362ab46e3c87","2020-09-22 19:05:00+02","Ostseebad Prerow","874663219",5,"Klasse Schuh ","Ich kann diese Schuhe nur empfehlen. Mein Sohn 9 hat einen hohen Span und breite FÃ¼ÃŸe.  DafÃ¼r sind diese Schuhe klasse. Auch habe ich andere Markenschuhe ausgetestet aber keiner dieser Marken ist fÃ¼r breite FÃ¼ÃŸe auch nur  annÃ¤hernd geeignet.","0.24812499999999998","0.620625"
"6273f32ff22a51418a050d6c","2022-05-05 17:54:00+02","Hatzenbuehl","874663219",5,"Gutes Material und gute Passform fÃ¼r ...","Gutes Material und gute Passform fÃ¼r breiteren Fuss.","0.6","0.5333333333333333"
"62c1b6ebeaa20533baede2b7","2022-07-03 17:34:00+02","Eschweiler","874663219",5,"TOP","angenehmes TragegefÃ¼hl,  auf dem Rasenplatz super ,","0.7083333333333333","0.7416666666666667"
"6424a2d5902098495b776522","2023-03-29 22:43:00+02","Giessen","1626968674",5,"Sehr gut ","sehr gut laufen und FuÃŸball spielen","0.5549999999999999","0.54"
"6167cf1f6d4cbe29282c65ab","2021-10-14 08:33:00+02","Hameln","1022188535",5,"Super","Ausgezeichnete Schuhe von hoher QualitÃ¤t und schnell angekommen .... Aber wenn Ihre BeingrÃ¶ÃŸe 40 ist, versuchen Sie, die Nummer 41 zu bestellen, weil ich 40 bestellt habe und sie klein war, obwohl meine BeingrÃ¶ÃŸe 40 ist, dann habe ich 41 genommen und es war gut. .","0.522","0.708"
"618a739846145d0498812a39","2021-11-09 14:11:00+01","Chemnitz","1022188535",3,"Guter Fussballschuh mit Schraubstollen.  ...","Guter Fussballschuh mit Schraubstollen.  Genauer Passform in angegebenen GrÃ¶ÃŸe. 2 Sterne Abzug da kein StollenschlÃ¼ssel dabei war und der Kauf des richtigen SchlÃ¼ssel sich als schwierig herausstellte.","0.27619047619047615","0.7150793650793651"
"61dfdaf79d00e837d3a4cea7","2022-01-13 08:55:00+01","An der Schmuecke","1022188535",5,"Ein toller Schuh","Qualitativ sehr gut, zum Einsatz sind sie allerdings noch nicht gekommen. Sind nicht zu eng. Empfehlenswert ist es wirklich ihn in einer Nummer grÃ¶ÃŸer zu bestellen","0.34628571428571425","0.5031428571428572"
"6318dc5b8943f73345099ca8","2022-09-07 20:00:00+02","Zwickau","1022188535",5,"Wow-Effekt","Die Schuhe kamen noch nicht zum Einsatz. Aber optische absoluter Eyecatcher. Klassisch, trotzdem modern. Leder fÃ¼hlt sich sehr hochwertig an, Schuhe lassen sich sehr bequem tragen, weil alles mit Schaumstoff gepolstert ist. Mal schauen was die Schuhe auf dem Rasen zeigen. LG","0.23244444444444445","0.678111111111111"
"628fe07f090c81241f9ee6d3","2022-05-26 22:18:00+02","Albstadt","1022188535",5,"Super","ğŸ‘ğŸ‘ğŸ‘ğŸ‘ğŸ‘ğŸ‘ğŸ‘ğŸ‘ğŸ‘ğŸ‘ğŸ‘ğŸ‘ğŸ‘ğŸ‘ğŸ‘ğŸ‘ğŸ‘ğŸ‘ğŸ‘ğŸ‘ğŸ‘ğŸ‘ğŸ‘ğŸ‘ğŸ‘ğŸ‘ğŸ‘","1.0","1.0"
"5f9b1a72a08f977492f58b7e","2020-10-29 20:39:00+01","Koethen","1022188535",5,"Top ","Habe den Artikel zurÃ¼ck geschickt leider zu klein, habe mir die GrÃ¶ÃŸe 47 behalten.Ich habe sie schon beim FuÃŸball an gehabt. Sie sind wie eine 2 Haut habe auch nichts anderes erwartet von Adidas âš½ 5 Sterne","-0.06999999999999999","0.45999999999999996"
"632d797d2cc12f7dfd514c3a","2022-09-23 11:16:00+02","Winterlingen","1022188535",5,"Ein Artikel der SpaÃŸ macht","Guter FuÃŸballschuh. Eine Nummer grÃ¶ÃŸer bestellt und passt.","0.3333333333333333","0.43333333333333335"
"61eb0cf67d807976fa802bf3","2022-01-21 20:43:00+01","Weener","1022188535",4,"Super FuÃŸballschuhe. Passen perfekt. Mein ...","Super FuÃŸballschuhe. Passen perfekt. Mein Sohn ist begeistert. Zwei GrÃ¶ssen zur Auswahl bestellt,  die kleineren wurden zurÃ¼ckgeschickt.","0.5555555555555556","0.6111111111111112"
"6280dd578311701819944c5b","2022-05-15 13:00:00+02","Langenselbold","1022188535",5,"Top !!!","Top Fussballschuhe passen wie eine 1 und halten es bis heute komplett durch. TOP !","0.625390625","0.475"
"61901a051f388007463b25af","2021-11-13 21:03:00+01","Konstanz","1022188535",4,"Fussballschuhe","Etwas zu klein eine Nummer grÃ¶ÃŸer ist zu empfehlen. Ging zurÃ¼ck, da zu schmal.","-0.1275","0.36"
"607c1ae04a55be0b9cbf208c","2021-04-18 13:41:00+02","Schoenefeld","1022188535",5,"Super Schuh.","Wie nicht anders zu erwarten, sehr guter Fussballschuh. Top bei nassem Wetter.","0.40199999999999997","0.5660000000000001"
"60eb389143a73b00a08046dd","2021-07-11 20:29:00+02","Bad Frankenhausen","1022188535",5,"toller  Artikel ","Sehr  toller Artikel   sitzen  gut  und sind bequem  klare Kaufempfehlung","0.6333333333333334","0.7027777777777778"
"607d4c42fc74b1351be7a987","2021-04-19 11:24:00+02","Kloster Lehnin","1022188535",5,"Guter Schuh super Verabeitung","Guter Schuh super Verabeitung, Aich wenn er etwas von der GrÃ¶ÃŸe abweicht","0.6333333333333334","0.6541666666666667"
"620a18379c6572497e3c6692","2022-02-14 09:52:00+01","Leingarten","1022188535",5,"Toller Schuh","Mein Mann hat sich diese Schuhe gekauft und ist sehr zufrieden damit.","0.7250000000000001","0.875"
"61805028f6bfb24a789ce1a8","2021-11-01 21:38:00+01","Nuernberg","1022188535",5,"Fussball schuhe adidas","Tolles material in best preis war echt ein schnÃ¢ppchen in echt leder","0.55","0.3875"
"5fa993f07550ee2e6a6d32c6","2020-11-09 20:09:00+01","Ehrenberg","1022188535",5,"Toller Schuh ","Kaufe nur Adidas Fussball Schuhe und bin nie enttÃ¤uscht worden.","0.01666666666666668","0.8333333333333334"
"61280a29764321594ea4b320","2021-08-26 23:39:00+02","Mainz","1022188535",5,"Toller Artikel ","Ein toller Artikel wÃ¼rde es weiter empfehlen. Gute QualitÃ¤t","0.7666666666666666","0.7000000000000001"
"6177c1da9ae8e349d14a8033","2021-10-26 10:52:00+02","Seehausen","1022188535",5,"Super Schuh ","Tolle QualitÃ¤t,tolles Design Leider fÃ¤llt er klein aus","0.33000000000000007","0.73"
"64036c7b943ebf2d583330ce","2023-03-04 17:06:00+01","Drochtersen","1626968134",5,"Super bequeme Fussballschuhe","Die Puma Future Play it Fussballschuhe sind super bequem und sehen dazu noch top aus.Auf jeden Fall kÃ¶nnen wir diese Fussballschuhe weiterempfehlen.","0.37777777777777777","0.6347222222222223"
"64bf6e48d29a8941c1cd1ac5","2023-07-25 08:40:00+02","Hamburg","1626968135",3,"Viel zu schmal","Die Schuhe sind sehr schmal geschnitten; man kommt kaum in die Schuhe rein bzw. wieder raus.","-0.16291666666666665","0.6154166666666666"
"64b3ae1e5385806ba967c361","2023-07-16 10:45:00+02","Stuttgart","1626968135",5,"Sehr gute FuÃŸballschuhe. Kann es nur ...","Sehr gute FuÃŸballschuhe. Kann es nur weiterempfehlen.","0.45499999999999996","0.8900000000000001"
"63f2278d698f653549858c50","2023-02-19 14:43:00+01","Hamburg","1421115153",5,"ğŸ‘ğŸ‘ğŸ‘ğŸ‘ğŸ‘ğŸ‘ğŸ‘ğŸ‘ğŸ‘ğŸ‘ğŸ‘ğŸ‘ğŸ‘ğŸ‘ğŸ‘ğŸ‘ğŸ‘ğŸ‘ğŸ‘ğŸ‘ğŸ‘ğŸ‘ğŸ‘","Super schÃ¶n und schÃ¶n QualitÃ¤t passt super gut ğŸ‘ ğŸ‘ ğŸ‘ ğŸ‘ ğŸ‘ ğŸ‘ ğŸ‘ ğŸ‘ ğŸ‘ ğŸ‘ ğŸ‘ ğŸ‘ ğŸ‘ ğŸ‘","0.5291666666666667","0.8333333333333333"
"63ad7744fa3029068d357dac","2022-12-29 12:17:00+01","Walsrode","1421115153",4,"Solider Treter","GrundsÃ¤tzlich ist der Schuh fÃ¼r Kreisklassen Niveau vÃ¶llig geeignet. Allerdings hat er noch nicht einmal zum Torerfolg gefÃ¼hrtâ€¦.liegt das jetzt am Schuh oder an mir?","0.275","0.425"
"62caad70245ec61c32370dcf","2022-07-10 12:44:00+02","Salzgitter","1421115153",5,"GrÃ¶ÃŸe 46?","QualitÃ¤t gut. SchÃ¶n leicht. Sehr schmall geschnitten. Leider die GrÃ¶ÃŸe 46 eher 42. Habe FuÃŸ GrÃ¶ÃŸe 44 und konnte den FuÃŸballschuh nicht mal anziehen. Deshalb Retoure.","0.3333333333333333","0.6749999999999999"
"624c07b16304be3ac3a8b85e","2022-04-05 11:11:00+02","Moenchengladbach","1421115153",4,"Top Schuh","Wir haben unserem Sohn diesen Fussball Schuh zum Geburtstag geschenkt.  Haben eine halbe Nr. GrÃ¶ÃŸer genommen und der passt perfekt","0.4444444444444445","0.5555555555555555"
"625c37ad25dbd634a7c53297","2022-04-17 17:52:00+02","Bretzfeld","1421115153",4,"Fussballschuh Puma","Passt sehr gut. Erstes Trainingsspiel schon getestet. Sehr gute QualitÃ¤t und Passform","0.27199999999999996","0.44266666666666665"
"64aad2983997c231d36e0cc0","2023-07-09 17:30:00+02","Velten","1421115153",5,"Sind ihr Geld wert.","FÃ¼r den Preis sind sie zu empfehlen.Sind angenehm zu tragen. Wie lange sie halten wird man sehen.","0.08333333333333333","0.18888888888888888"
"63b173f4dfc3034630fb09c9","2023-01-01 12:52:00+01","Muenster","1537648392",5,"Guter FuÃŸballschuh","Eine GrÃ¶ÃŸe grÃ¶ÃŸer bestellt, dadurch passen sie perfekt!","0.525","0.625"
"641775fcbcdcca4515e5bcd3","2023-03-19 21:52:00+01","Bremen","1421115153",5,"Tolle FuÃŸballschuhe ","Wir haben sie jetzt schon zum dritten Mal bestellt. Und zum GlÃ¼ck auch noch die richtige GrÃ¶ÃŸe bekommen. Da mein Sohn da immer so schnell rauswÃ¤chst. Ihm gefallen sie sehr gut. Und auch der Preis ist wirklich unschlagbar. WÃ¼rden sie immer wieder kaufen","0.31605442176870746","0.43986394557823133"
"64bfdc919ef9cc36145f657f","2023-07-25 16:30:00+02","Neustadt","1421115153",5,"Super schuh","Passform Perfekt, Material angenem.am FuÃŸ, kein einengen. QualitÃ¤t passt","0.7333333333333334","0.7791666666666667"
"649045486bf563475ce206ca","2023-06-19 14:08:00+02","Moenchengladbach","1421115153",5,"Toller Schuh, gute Passorm","FÃ¼r uns sind Puma FuÃŸballschuhe die besten, sie sind breit geschnitten und die GrÃ¶ÃŸe stimmt auch immer. Tolle Preisleistung","0.580952380952381","0.555952380952381"
"6471070104fff42bc2700dcd","2023-05-26 21:22:00+02","Gelsenkirchen","1421115153",3,"","",NULL,NULL
"6467110202d0cc6ed82999a3","2023-05-19 08:02:00+02","Koeln","1421115153",2,"FuÃŸball Schuheâ˜¹ï¸","Lange haben die nicht gehaltenâ˜¹ï¸","-0.05","0.4"
"64653485b1acb20ef6a1a824","2023-05-17 22:09:00+02","Hamburg","1421115153",5,"FÃ¼nf Sterne wert","FÃ¼nf Sterne wert","0.3","0.1"
"643d1b697f935d44fbbc0d2b","2023-04-17 12:11:00+02","Gersthofen","1421115153",5,"QualitÃ¤t Preis gut, aber fÃ¼r eine 44 groÃŸe ...","QualitÃ¤t Preis gut, aber fÃ¼r eine 44 groÃŸe sind leider viel zu eng â˜¹","0.19285714285714284","0.5061224489795919"
"6447a00ce95a670b8804ff88","2023-04-25 11:40:00+02","Roethlein","1421115153",4,"einfach wunderbarer breiter Schuh","klassischer Schuh mit breiter PaÃŸform und gÃ¼nstigem Preis","0.2733333333333333","0.5333333333333334"
"63098966a15c474cfc5dd636","2022-08-27 05:03:00+02","Ravensburg","1421115153",5,"Mein Freund findet die Schuhe mega. Sie ...","Mein Freund findet die Schuhe mega. Sie sehen top aus und sind auch sehr bequem!!!","0.9","0.875"
"623111e0f3c2460f5a91dd34","2022-03-15 23:23:00+01","Wiesweiler","1421115153",4,"Ein schÃ¶ner und leichter Schuh, der angenehm ...","Ein schÃ¶ner und leichter Schuh, der angenehm zu tragen ist. Gutes Preis-/LeistungsverhÃ¤ltnis.","0.5833333333333333","0.8238095238095237"
"62dc36f86166c6696565e3c6","2022-07-23 19:59:00+02","Berlin","1421115153",5,"Preis Leistung gut","Guter fussball schuh.Passt am besten wie beschreiben eine Nummer grÃ¶ÃŸer bestellen","0.6","0.5"
"63c943c0fd52736f7451517f","2023-01-19 14:21:00+01","Eggenstein-Leopoldshafen","1421115153",5,"","",NULL,NULL
"6232da74902a754e6a4fc526","2022-03-17 07:51:00+01","Rheinbach","1421115153",5,"Ein toller Artikel ","Gute QualitÃ¤t, bequem. Mein Sohn ist zufrieden mit diese FuÃŸball Schuhe","0.6","0.7875000000000001"
"624365c851b0a91bd08ace24","2022-03-29 22:02:00+02","Schwalmstadt      Treysa","1421115153",5,"Top ","Top ,klasse Schuhe fÃ¼r wenig Geld gerne wieder...mega","0.403125","0.5625"
"62cabd2f14cf475538855595","2022-07-10 13:51:00+02","Pfullendorf","1421115153",5,"Macht was es soll ","Guter Schuh, fÃ¤llt richtig aus auf die GrÃ¶ÃŸe bezogen","0.35","0.5"
"6379ea9b5bb1e65eaa82e04d","2022-11-20 09:51:00+01","Berlin","1537648778",5,"Wunderbare schÃ¶ne Schuhe ","Super bequem , super Passform und sieht sehr gut aus !","0.6833333333333333","0.7709523809523811"
"63c1b337beb16c37d7515d15","2023-01-13 20:38:00+01","Bergkamen","1537648778",5,"Cooler FuÃŸballschuh","Was soll ich sagen, ich liebe die Schuhe. Material fÃ¼hlt sich gut an und schmiegt sich gut an meinen FuÃŸ an. FÃ¼r einen breiteren FuÃŸ evtl. etwas unbequem.  Habe eine Nr. grÃ¶ÃŸer bestellt.  In GrÃ¶ÃŸe 44, fÃ¼r meinen FuÃŸ perfekt und Training macht auch damit SpaÃŸ. Im Sale zum Guten Preis erstanden. Wie immer schnelle Lieferung von Otto.","0.3611111111111111","0.6388888888888888"
"6480253b9f19901459ec597d","2023-06-07 08:35:00+02","Saarbruecken","1537648778",5,"Super Schuh","Mein Sohn ist ganz begeistert. Hat sehr gute Schusstechnik damit und sehen Cool aus. Gutes Design. Preis leistungsverhÃ¤ltnis passt","0.708","0.756"
"64a54b2bf8cc1b0c60052b5e","2023-07-05 12:51:00+02","Wuppertal","1537648778",1,"","",NULL,NULL
"649976073fcc07463a5ff35a","2023-06-26 13:27:00+02","Wetter","1537648778",3,"Sieht gut aus..","Material nicht besondersâ€¦und fÃ¤llt klein aus. Ging zurÃ¼ck.","-0.00833333333333336","0.5083333333333333"
"649b38b435d63a216caff2ec","2023-06-27 21:29:00+02","Mannheim","1537648778",5,"Toller FuÃŸballschuh","Mein Sohn ist sehr zufrieden","0.7250000000000001","0.875"
"648df7baa7eb8c2d61aca311","2023-06-17 20:13:00+02","Schleiden","1537648778",5,"","",NULL,NULL
"63aa0b2b1cf0530245fe22fc","2022-12-26 21:59:00+01","Rottenburg","1537648778",4,"","",NULL,NULL
"639de70224b5ad466db0962a","2022-12-17 16:57:00+01","Attendorn","1537648778",5,"","",NULL,NULL
"6452b43cf9af351f17e6bdb0","2023-05-03 21:21:00+02","Neutraubling","1537648392",1,"Sehr schlechtes Material ","Ca 10-12 mal benutzt, nach jeder Einheit gereinigt Material wurde immer dÃ¼nner und dann an jedem Schuh direkt Ã¼ber der Solle gerissen. Sehr schlechter Schuh. Es ist nicht mehr das adidas was es mal war. Das Top Modell kann man sich ja als amateur Spieler nicht mehr leisten Ã¤. Traurig auf kauft diesen Schuh nicht.","-0.3139999999999999","0.5166666666666667"
"6323828da891bb6a36fc96d8","2022-09-15 21:52:00+02","Hannover","1537648392",5,"Perfekt","Die QualitÃ¤t ist super. Leider zu gross bestellt, deshalb zurÃ¼ck.","0.26","0.5700000000000001"
"63a1e273559a870577388773","2022-12-20 17:27:00+01","Neuenstadt","1537648392",5,"Wunderbar ","Sehr schÃ¶n ich wÃ¼rde es weiter empfehlen","0.89","1.0"
"639251e1801bc4536930dc44","2022-12-08 22:06:00+01","Neustadt","1537648392",5,"Super schuh","Mein Sohn mag sie gern sind bequem","0.6000000000000001","0.775"
"648c7ed27ce4d57d01e1bd1d","2023-06-16 17:25:00+02","Hauneck","1537648392",5,"FuÃŸballschuhe adidas","Ich habe die  FuÃŸballschuhe fÃ¼r meinen Sohn bestellt, die Sendung ist schnell geliefert worden, die Passform ist gut, sind etwas eng, vielleicht werden die beim Tragen sich noch weiten, sehen aus ,wie abgebildet.","0.3136904761904762","0.4464285714285714"
"645a985a3a36b5226af74e50","2023-05-09 21:00:00+02","Neuenbuerg","1537648392",5,"Coole Schuhe ","Sehr coole und bequeme FuÃŸballschuhe. Passen auch bei einem breiten FuÃŸ.","0.301","0.619"
"63ecfbccaae1f722f4f5ac50","2023-02-15 16:35:00+01","Erkrath","1537648392",5,"Toller Fussballschuh.","Habe den Schuh fÃ¼r meinen Sohn bestellt, der normalerweise nur Nike trÃ¤gt.Ist von dem Schuh begeistert. Passt super. SchÃ¶n angenehm am FurÃŸ.","0.5888888888888889","0.8944444444444445"
"6493dae25822467cce6ea9a8","2023-06-22 07:23:00+02","Luckau","1537648392",5,"","",NULL,NULL
"6489750705c9bc0e7b7780e0","2023-06-14 10:06:00+02","Mainz","1537648392",5,"Tolle Schuhe ","QualitÃ¤t ist gutSehen gut aus.","0.75","0.675"
"6454ccbb2cbceb11e3c989df","2023-05-05 11:30:00+02","Muenchen","1537648392",5,"","",NULL,NULL
"642a8ab1d5a2040553122fd1","2023-04-03 10:13:00+02","Moenchengladbach","1537648392",4,"Gute QualitÃ¤t, zufrieden. Hoffentlich halten ...","Gute QualitÃ¤t, zufrieden. Hoffentlich halten die lange","0.48","0.6533333333333334"
"63c46bcffaee3106bf998d09","2023-01-15 22:10:00+01","Leipzig","1537648392",4,"Toller Schuh, aber unbedingt grÃ¶ÃŸer bestellen ","Mein Sohn trÃ¤gt sie gern. Farbe wie abgebildet. Allerdings mussten wir 2 GrÃ¶ÃŸen grÃ¶ÃŸer bestellen, damit sie passen.","0.27999999999999997","0.61"
"63d0dd900565b15594d1b1ac","2023-01-25 08:43:00+01","Werne","1537648392",5,"Toller Kauf ","Wir sind sehr zufrieden! Top Artikel! WÃ¼rden diesen Artikel weiterempfehlen und nochmal Kaufen!","0.7979166666666666","0.75"
"64353d9ca20a87093e2af19b","2023-04-11 12:59:00+02","Lingen","1537648392",5,"Top","StrapazierfÃ¤higGrÃ¶ÃŸe, Passform, Farbe top","0.4666666666666666","0.4666666666666666"
"63ecdd6caae1f722f4ea1563","2023-02-15 14:26:00+01","Aachen","1537648392",4,"","",NULL,NULL
"63cb14ad3598e379da8355d4","2023-01-20 23:24:00+01","Sankt Augustin","1537648392",5,"","",NULL,NULL
"63df8e392253324125874dac","2023-02-05 12:08:00+01","Bad Zwischenahn","1400895055",5,"Bequemer FuÃŸballhallenschuh","Habe, wie empfohlen, eine Nummer grÃ¶ÃŸer bestellt.","0.2","0.65"
"63b7e31c5b17424f64a35d56","2023-01-06 10:00:00+01","Ahlen","1400895055",5,"Super Sport Schuh, gut zu tragen und der Preis","super ğŸ‘Ÿ!","0.4833333333333332","0.6444444444444444"
"63a43748f3c5e51d8de227a9","2022-12-22 11:54:00+01","Bremerhaven","1400895055",5,"Gut. ","Mein Sohn ist zufrieden mit seine neuen Schuhen.","0.4454545454545455","0.6848484848484849"
"6418b9e970205f2a38adeea1","2023-03-20 20:54:00+01","Oldenburg","1400895055",4,"guter Artikel","Der Schuh passt ganz gut und fÃ¼hlt sich angenehm beim Tragen an. Da der Schuh jedoch fÃ¼r meine Vorlieben vorne ca. einen halben cm zu lang ist und er auch etwas beschÃ¤digt war, sendete ich die Schuhe zurÃ¼ck.","0.34583333333333327","0.4916666666666667"
"63bd3110e21df70f3c587b94","2023-01-10 10:34:00+01","Herscheid","1360975203",5,"Alles ok","Habe es fÃ¼r mein Sohn bestellt er ist sehr zufrieden und sehr bequem die ersten Male etwas an den Seiten gedrÃ¼ckt","0.48","0.7083333333333334"
"62e8e40907531113568fd76a","2022-08-02 10:44:00+02","Waltrop","1360975203",5,"SchÃ¶ner Schuh","sehr gute Passform, sieht hochwertig aus, stylisch","0.514","0.744"
"62b763cdb2648b5c1bdf0aae","2022-06-25 21:36:00+02","Herborn","1360975203",5,"Nice","Guter Fussballschuh, qualitativ, passform sehr gut","0.4749999999999999","0.575"
"6495927dd68a8346f12d7613","2023-06-23 14:39:00+02","Hamburg","1637128897",5,"Toller Schuh","Tolle Schuhe, sehr leicht und bequem. Mein Sohn findet sie super. Tolle Farbe und schnelle lieferrung.","0.6171428571428572","0.7585714285714286"
"64418e60fa2c2b7364d98d01","2023-04-20 21:11:00+02","Muenchen","1637128897",5,"Sehr zufrieden ","Die Schuhe schauen gut aus und mein Sohn findet sie super beim Spielen. Fallen allerdings sehr klein aus, wir haben 1,5 GrÃ¶ÃŸen grÃ¶ÃŸer genommen als normal","0.3291666666666667","0.6699999999999999"
"64328220d906cf40c8ea9e4d","2023-04-09 11:15:00+02","Neuenstein","1637128897",3,"Toll artikel ","Die sind so leicht zu tragen und laufen, bei Spielen ist keine Probleme. Die sind sehr gut.","0.7144444444444445","0.7877777777777779"
"645cd515ef6d7a02718d6c63","2023-05-11 13:44:00+02","Lutherstadt Eisleben","1626962892",5,"Tolle Schuhe ","Tolle FuÃŸball Schuhe fÃ¼r meinen Sohn, das rein schlÃ¼pfen ist am Anfang tricky. Aber wenn man das ein paar mal gemacht hat kommt man gut damit zurecht.","0.325","0.42500000000000004"
"6498765a9cf64e47e67fdd3d","2023-06-25 19:16:00+02","Langenfeld","1626962892",4,"","",NULL,NULL
"6454e9682cbceb11e3d1ed38","2023-05-05 13:32:00+02","Hamburg","1626965971",5,"Ein toller Artikel ","Toller Artikel, leider bei der ersten Bestellung zu klein gewesen, obwohl schon eine SchuhgrÃ¶ÃŸe mehr ausgewÃ¤hlt wurde. Die zweite Bestellung passte dann auch.","0.25","0.5428571428571428"
"64a46d82cc3855075327c21f","2023-07-04 21:05:00+02","Marktredwitz","1626968133",5,"Gute Passform und geile Farbe","Schuhe lassen sich einfach anziehen und man fÃ¼hlt sich mit dem Material wohl. Besonders gefÃ¤llt dir knallige Farbe","0.47333333333333333","0.5866666666666667"
"64612c343df78d4c67d9a680","2023-05-14 20:45:00+02","Berlin","S0K600TG",4,"Fussball schuhe","Diese Schuhe sind ganz ok, die Metall Noppen mussten wir entfernen da mein Sohn mit diesen nicht spielen kann. Haben welche aua gummi gekauft lassen sich super rein drehen das. Einzige im Winter muss man diese immer wieder fest ziehen was wir wenn es warm ist nicht benÃ¶tigt","0.25555555555555554","0.611111111111111"
"64673d37075a755132629831","2023-05-19 11:11:00+02","Hamburg","1626972047",5,"Toller Artikel ","Toller Artikel, aber die angegebenen GrÃ¶ÃŸen passen nicht. Fallen kleiner aus.","0.3688888888888889","0.5377777777777777"
"63f86be850c21a398194800b","2023-02-24 08:48:00+01","Dortmund","1626972047",5,"Robust und leicht ","Der Schuh hÃ¤lt was er verspricht Leicht bequem und sicher halt","0.43333333333333335","0.6666666666666666"
"64b93c0e6d4fa937d42e3988","2023-07-20 15:52:00+02","Hamm","1626960217",4,"","",NULL,NULL
"645bb04def6d7a02713decd9","2023-05-10 16:55:00+02","Wilhelmshaven","1626960217",5,"","",NULL,NULL
"64b0463bb579fc51c56123a9","2023-07-13 20:45:00+02","Duesseldorf","S0O7E03I",5,"Hervorragend passt ganz gut ","Er hat sich viel MÃ¼he gegeben fÃ¼r das richtige Schuhe","0.6428571428571428","0.7678571428571428"
"6461ce78ec55c5754c91c721","2023-05-15 08:17:00+02","Berlin","S075O05O",1,"Schmutzige Schuhe erhalten ","Ich war regelrecht erschrocken als ich den Schuhkarton Ã¶ffnete-Mir kam ein Ã¼bler Geruch entgegen; die Schuhe waren getragen und nicht verpackt. Ich hatte noch nie so eine enttÃ¤uschende Erfahrung bei einer Online Bestellung machen mÃ¼ssen!","-0.37","0.5733333333333333"
"5e498c61382eb758bbdbcba3","2020-02-16 19:39:00+01","Hamburg","603911421",5,"Upgrade vom Samba","Ich habe einen Nachfolgeschuh fÃ¼r meinen 5 Jahre alten Samba fÃ¼r Hallenfussball gesucht, der gefÃ¼hlt viel zu schnell gerissen ist. Ich habe dafÃ¼r einen Samba, einen Kaiser 5 sowie einen Copa Munidal verglichen. Der Samba war mir zu fest und zu hart in OberflÃ¤che und Sohle , beim Abrollen drÃ¼ckte die ""Biegewelle"" auf die Zehen. Die Lasche aus Kunststoff drÃ¼ckte. . Der Copa Mundial fiel in gleicher GrÃ¶ÃŸe zu groÃŸ aus und war mir mit dem KÃ¤nguruh Leder in der OberflÃ¤che zu weich.  Der Kaiser 5 mit seinem Rindsleder war angenehm zu tragen und gab mir trotzdem guten Halt und ich hatte bei der ersten Nutzung das GefÃ¼hl. dass der Schuh sehr gut dÃ¤mpft. Mit dem Kaiser 5 konnte ich sofort losspielen und hatte sofort BallgefÃ¼hl und anschlieÃŸend keine Druckstellen. Ich wÃ¼rde ihn wieder nehmen.","0.19566326530612246","0.47287414965986396"
"5a70dad54bb7280001b5a42a","2018-01-30 21:51:00+01","Sandhausen","603911421",5,"So muss ein Schuh sein.","Eine Nummer.grÃ¶ÃŸer bestellen ......passt perfekt.Der Kaiser 5 bittet  meiner Ansicht nach ein bessere Halt, als der Mundial goal.Er ist fester als der Mundial mit seinem weichem KÃ¤nguruleder.Auch die DÃ¤mpfung des Schuhs ist perfekt.Trotz Fersensporn.....keinerlei Schmerzen hinterher.","0.65","0.7125"
"5d23af47e3549300061ec1ab","2019-07-08 23:01:00+02","Reher","603911421",5,"Super bequemer Schuh","Hat bei mir den k Swiss rinzler abgelÃ¶st den ich Jahre lang gerne getragen habe. Dieser Adidas Schuhe ist aber fÃ¼r mich das bin plus ultra. Nach ein paar Tagen Einlauf Zeit trÃ¤gt er sich einfach groÃŸartig .das war mit Sicherheit nicht mein letzter ğŸ‘ŒğŸ˜€","0.32222222222222224","0.5305555555555556"
"64a808353997c231d3bf24ec","2023-07-07 14:42:00+02","Heilbronn","603911421",3,"entÃ¤uschend","von adidas enttÃ¤uscht der einstiegschaft viel zu hart reibt an den KnÃ¶cheln Schuhzunge zu dÃ¼nn nicht genug gepolstert fÃ¼r den Preis hab ich mehr erwartet  anssonsten QualitÃ¤t ok","-0.013095238095238096","0.5273809523809524"
"63cc10177286f756efb074f7","2023-01-21 17:17:00+01","Potsdam","603911421",4,"GrÃ¶ÃŸen abgaben verstehe ich nicht ","Ich habe fÃ¼r meinen Sohn zum ersten Mal die Herren GrÃ¶ÃŸen bestellt da die Kinder GrÃ¶ÃŸen nur bis 38,5 geben und auf den Rat gehÃ¶rt fÃ¤llt klein aus und eine 40 bestellt. Viel zu groÃŸ so dann habe ich eine 39 bestellt die ist gerade mal 2mm kleiner als die 40 ??? Naja der Schuh macht einen guten Eindruck behalten ihn jetzt und mÃ¼ssen mal schauen wo wir jetzt eine zwischen GrÃ¶ÃŸe herbekommen aufjedenfall nicht online.","0.12857142857142856","0.44761904761904764"
"5b38fec23e1508000550d5df","2018-07-01 18:18:00+02","Cremlingen","603911421",5,"SchÃ¶ner Retrolook.","Bequemer und Formstabiler Schuh. Eine Nr. grÃ¶ÃŸer bestellt und alles ist gut.","0.6","0.7000000000000001"
"5d2c72ea5a782d0007ffce0e","2019-07-15 14:34:00+02","Haina","603911421",5,"Toller Schuh","Sehr bequemer Sportschuh und tolle Verarbeitung.Sehr leicht und bequem.","0.584","0.8"
"5e3b272c13dc7b501b78320a","2020-02-05 21:35:00+01","Sankt Augustin","603911421",5,"sehr cool und bequem","optimale PaÃŸform, sehr bequem, tolles Leder,einfach ein top Schuh, rutschfeste Sohle,leicht zu pflegen","0.4440476190476191","0.711190476190476"
"5e87479fe4c1440a66039b56","2020-04-03 16:26:00+02","Lueneburg","603911421",5,"toll","ğŸ‘ğŸ‘ğŸ‘ğŸ‘ğŸ‘ğŸ‘ğŸ‘ğŸ‘ğŸ‘ğŸ‘ğŸ‘ğŸ‘ğŸ‘ğŸ‘ğŸ‘ğŸ‘ğŸ‘ğŸ‘â˜ï¸â˜ï¸ğŸ‘ğŸ‘ğŸ‘ğŸ‘ğŸ‘ğŸ‘ğŸ‘ğŸ‘ğŸ‘ğŸ‘ğŸ‘ğŸ‘ğŸ‘ğŸ‘ğŸ‘ğŸ‘ğŸ‘ğŸ‘ğŸ‘ğŸ‘ğŸ‘ğŸ‘ğŸ‘ğŸ‘ğŸ‘ğŸ‘ğŸ‘ğŸ‘ğŸ‘ğŸ‘ğŸ‘ğŸ‘ğŸ‘ğŸ‘","0.5","0.475"
"5c8d76a8950958000788107c","2019-03-16 23:20:00+01","Warin","603911421",5,"Der Schuh ist genauso wie beschrieben. Er ...","Der Schuh ist genauso wie beschrieben. Er ist zwar sehr dÃ¼nn, aber erscheint auf den ersten Blick wirklich robust zu sein. Mal sehen ob er mehr als 2 Jahre als tagtÃ¤glicher Freizeitschuh aushÃ¤lt, wie das Modell Plincana 2.0.Ich habe diesen Schuh deshalb genommen, weil unteranderem die Verarbeitung der Sohle einfach besser ist als bei den anderen Modellen. Denn beim adidas Originals Â»Varial Low MÂ« Sneaker bildeten sich zunÃ¤chst Luftblasen an der Schuhspitze, wobei sich spÃ¤ter das Obermaterial ablÃ¶ste. Andererseits lÃ¶ste sich die Sohle ab, eigentlich sollte dies beim Kaiser 5 nicht passieren.Somit sollte das grundlegende Verarbeitungskonzept des Kaisers 5 einfach von Vorteil sein.","0.039999999999999994","0.27443977591036406"
"5cb1ce94f4ae3a00060028b5","2019-04-13 13:57:00+02","Leipzig","603911421",5,"toller Artikel","ein sehr bequemer und solider Schuh, jederzeit weiter zu empfehlen, natÃ¼rlich immer abhÃ¤ngig von der jeweiligen Fussform","0.2","0.35000000000000003"
"5e07f5b665c6f12513a2281e","2019-12-29 01:39:00+01","Duisburg","603911421",4,"Toller Artikel  macht SpaÃŸ ","Toller Artikel  macht spass   aber das Leder ist hart wenn mann es lÃ¤nger trÃ¤gt  drÃ¼ckt es an den FÃ¼ÃŸen","0.3816666666666667","0.4883333333333333"
"628fe00d309c780076df08d4","2022-05-26 22:16:00+02","Albstadt","603911421",5,"Super","ğŸ‘ğŸ‘ğŸ‘ğŸ‘ğŸ‘ğŸ‘ğŸ‘ğŸ‘ğŸ‘ğŸ‘ğŸ‘ğŸ‘ğŸ‘ğŸ‘ğŸ‘ğŸ‘ğŸ‘ğŸ‘ğŸ‘ğŸ‘ğŸ‘ğŸ‘ğŸ‘ğŸ‘ğŸ‘ğŸ‘ğŸ‘ğŸ‘ğŸ‘ğŸ‘","1.0","1.0"
"5eeb7db4543bba3858137f90","2020-06-18 16:44:00+02","Biebergemuend","603911421",2,"Leider nicht gut verarbeitet.","Optisch ist der Schuh sehr modern, die Verarbeitung lÃ¤sst jedoch zu wÃ¼nschen Ã¼brig. Von einem Markenschuh hatte ich etwas besseres erwartet. KleberÃ¼ckstÃ¤nde und Farbfehler an der Sohle lassen ihn sehr billig wirken. Da er auÃŸerdem zu klein war ging er zurÃ¼ck.","0.14750000000000002","0.48125"
"64564ee4ed279e13a9ea4e39","2023-05-06 14:58:00+02","Roethlein","603911421",5,"ğŸ‘ŒğŸ‘Œ","Sehr bequemer Sportschuh und tolle Verarbeitung","0.66","0.875"
"6196d70098f9d2634daa124c","2021-11-18 23:43:00+01","Blankensee","603911421",5,"Kaiser Hallenschrank ","Absolut top QualitÃ¤t fÃ¼r guten Preis Leistung. Schuhe fallen klein aus , habe eigentlich eine 43,5 â€¦ dieser ist mit 46 bestellt und passt dann optimal. Er lÃ¤sst sich gut tragen und sorgt auf dem Spielfeld fÃ¼r Erfolg .","0.28055555555555556","0.4055555555555556"
"61e4a4de5928b709fdb0df01","2022-01-17 00:06:00+01","Bad Freienwalde","603911421",5,"Ausgezeichnet und hochwertigğŸ‘ŒğŸ‘ŒğŸ‘ğŸ‘ğŸ‘","Ich bin Sporttrainer und interessiere mich sehr fÃ¼r FuÃŸball.  Schuhe von sehr guter QualitÃ¤t....Adidas ist immer Adidas.ğŸ‘ğŸ‘ğŸ‘ğŸ‘ŒğŸ‘ŒğŸ‘ŒğŸ‘ğŸ‘ğŸ‘ğŸ‘","0.5987499999999999","0.7425"
"61ec074a81f94342d2991d98","2022-01-22 14:31:00+01","Gera","603911421",5,"Guter Hallenschuh","Der Schuh ist sehr gut verarbeitet und sieht optisch auch prima.  Nach zwei-/dreimal tragen sitzt / passt der Schuh besser am FuÃŸ.  Man kann problemlos die SchuhgrÃ¶ÃŸe von anderen Kaiser FuÃŸballschuhen nehmen.","0.4180555555555556","0.5597222222222223"
"63c6ddca0b743878bd21eb91","2023-01-17 18:41:00+01","Magdeburg","603911421",4,"Tolle Schuhe ","Die Schuhe sind super. Die QualitÃ¤t ist top. Sie fallen recht klein aus, aber mit einer Nummer grÃ¶ÃŸer ist das Problem behoben.","0.37500000000000006","0.5583333333333333"
"63113c08d8a6ee56ca3abf79","2022-09-02 01:11:00+02","Gilching","603911421",5,"Wunderbar","Sehr schÃ¶ne und sehr gute QualitÃ¤t,leider fÃ¼r meine Jungs war zu klein,jetzt fÃ¼r Herbst bestellen wir eine neue.","0.346060606060606","0.7724242424242425"
"6339b454f1ff4626d77f2dee","2022-10-02 17:55:00+02","Laichingen","603911421",5,"Kann ich nur empfehlen ","Toller Schuh zum FuÃŸball spielen in der Halle. FÃ¤llt sehr klein aus, am besten eine Nummer grÃ¶ÃŸer nehmen.","0.29500000000000004","0.614"
"5fe90e3859c6d053c2ecf51c","2020-12-27 23:44:00+01","Leipzig","603911421",5,"
Was soll man Schreiben ? Passt Wackelt und ...","Was soll man Schreiben ? Passt Wackelt und hat Luft . Eigentlich Gut ,aber erst mal Abwarten was nach der ersten WÃ¤sche kommt.. So ist er gut nur der Kragen kÃ¶nnte etwas breiter.","0.1525","0.5066666666666666"
"6213b8a4284cfe4d09b2a559","2022-02-21 17:07:00+01","Karlsruhe","603911421",5,"Schuhe zum Geniessen!!","Es gibt nur Vorteile. Ein bisschen teuer,aber QualitÃ¤t hat ihren Preis.Kaiser Fussballschuhe sind gefÃ¼hlt und auch damit Jahrelang aktiv gespielt die aller besten!!!!","0.041666666666666664","0.7333333333333334"
"643972e2aac760060f056b24","2023-04-14 17:36:00+02","Muenchen","603911421",5,"ğŸ‘Œ","41 passt perfect!","1.0","1.0"
"640db6eab5abff0bf49b77bf","2023-03-12 12:26:00+01","Bremen","603911421",5,"The Beste von Adidas","TOP artikel,passt perfect.. .Das Adidas","0.8333333333333334","0.6"
"63fb8c9c318f0c75c804c6fd","2023-02-26 17:45:00+01","Heinsberg","603911421",5,"Tolle Schuhe ","Tolle Schuhe,sehr gut verarbeitet und bequem","0.55","0.65"
"63f6298df1ff1e4e57a358d2","2023-02-22 15:41:00+01","Rutesheim","603911421",5,"Alles besterns","super Schuh, passt genau, sehr zufrieden","0.8166666666666668","0.6833333333333332"
"638e553acfe4921fb49eb888","2022-12-05 21:31:00+01","Schwabach","603911421",5,"Top Artikel ","Bin wie immer sehr zufrieden mit der Marke und wÃ¼rde es immer wieder empfehlen","0.575","0.75"
"62498f0b6304be3ac30b169f","2022-04-03 14:11:00+02","Dessau-Rosslau","603911421",5,"Gute Schuhe ein Hingucker ","Habe mir die Schuhe bestellt angezogen und passt.Bequem nichts stÃ¶rt.Besser spiele ich zwar nichtğŸ˜‚aber ichkann die Schuhe empfehlen ğŸ‘","0.7","0.6000000000000001"
"5bf6a6a55232ac00067588ef","2018-11-22 13:52:00+01","Duesseldorf","603911421",5,"Tolle Turnschuhe!! Genau der richtige Schuh!","Verarbeitung, Material und TargegefÃ¼hl einzigartig. Mein Mann ist rundum zufrieden.Nur zu empfehlen. Aber auf jeden Fall eine Nummer grÃ¶ÃŸer bestellen.","0.4136904761904762","0.6726190476190476"
"5e4017b34e62b17c452b4d93","2020-02-09 15:31:00+01","Gnutz","603911421",5,"Bester Hallenschuh den es gibt ","FÃ¼r mich persÃ¶nlich neben dem Mundial von Adidas der beste Schuh fÃ¼r die Halle. Gibt nichts zu meckern. Schuhe kamen schnell an.","0.45555555555555555","0.3"
"5ada2f773b8fb70001e1da87","2018-04-20 20:20:00+02","Biberbach","603911421",4,"schÃ¶ner Schuh","ich muss die Schuhe leider zurÃ¼ck schicken weil Sie zu klein sind und eine Gr. grÃ¶ÃŸer bestellen. Hoffe das die dann passen.","0.041666666666666664","0.5499999999999999"
"60ad12407703f7703af37e50","2021-05-25 17:05:00+02","Unterwellenborn","603911421",5,"KAISER 5 GOAL* FuÃŸballschuh","Ich liebe diese Schuhe. Tolle Verarbeitung, tolles Material,  GrÃ¶sse passt genau. Klare Kaufempfehlung..ğŸ‘ğŸ‘","0.55","0.6208333333333333"
"6022cd684f73e52087cfaeb5","2021-02-09 18:59:00+01","Berlin","603911421",5,"Toller Artikel","Leider fÃ¤llt der Schuh noch kleiner aus als angegeben. Leider zurÃ¼ck, Nummer grÃ¶ÃŸer leider nicht lieferbar. Sehr schafe","0.042857142857142864","0.4928571428571428"
"5fda88ac91da6161a5a0b143","2020-12-16 23:22:00+01","Koethen","603911421",5,"ğŸ‘ âš½ ğŸ‘ âš½ ğŸ‘ âš½ ğŸ‘ ","Wir haben Top QualitÃ¤t erwartet, und wurden nicht enttÃ¤uscht.Das ist halt Adidas ***** Sterne ğŸ¤© von uns","0.25833333333333336","0.5499999999999999"
"5e11bfe30d35d11758217160","2020-01-05 11:52:00+01","Grevenbroich","603911421",5,"ĞÑ‚Ğ»Ğ¸Ñ‡Ğ½Ñ‹Ğ¹ Ñ‚Ğ¾Ğ²Ğ°Ñ€ Ñ Ğ·Ğ°ĞºĞ°Ğ·Ğ°Ğ» Ğ½Ğ¾ Ğ¼Ğ½Ğµ Ğ¶Ğ°Ğ»ÑŒ Ğ¾Ğ½Ğ¸ Ğ¼Ğ½Ğµ ...","ĞÑ‚Ğ»Ğ¸Ñ‡Ğ½Ñ‹Ğ¹ Ñ‚Ğ¾Ğ²Ğ°Ñ€ Ñ Ğ·Ğ°ĞºĞ°Ğ·Ğ°Ğ» Ğ½Ğ¾ Ğ¼Ğ½Ğµ Ğ¶Ğ°Ğ»ÑŒ Ğ¾Ğ½Ğ¸ Ğ¼Ğ½Ğµ Ğ½Ğµ Ğ¿Ğ¾Ğ´Ğ¾ÑˆĞ»Ğ¸ Ñ Ñ€Ğ°Ğ·Ğ¼ĞµÑ€Ğ¾Ğ¼ Ğ¾ÑˆĞ¸Ğ±ÑŒÑÑ Ğ·Ğ°ĞºĞ°Ğ·Ñ‹Ğ²Ğ°ĞµÑ‚ÑŒ Ğ½Ğ° Ğ¾Ğ´Ğ¸Ğ½ Ñ€Ğ°Ğ·Ğ¼ĞµÑ€ Ğ±Ğ¾Ğ»ÑŒÑˆĞµ","0.0","0.0"
"5b43b45abb70900005d1a266","2018-07-09 21:15:00+02","Wolfhagen","603911421",5,"Toller Artikel genau wie beschrieben","Die Passvorm ist sehr gut auch fÃ¼r das FuÃŸbett.Sehr gute Verarbeitung, allso Preis Leistung stimmt.","0.6533333333333333","0.5933333333333334"
"61e3bc095928b709fd56efae","2022-01-16 07:32:00+01","Weimar","603911421",5,"Toller Schuh","Der Schuh passt perfekt. Super leicht und bequem. WÃ¼rde mich wieder fÃ¼r diesen Schuh entscheiden.","0.4833333333333333","0.7291666666666665"
"6229a56142f09b1d98da36a3","2022-03-10 08:14:00+01","Hamburg","603911421",5,"Ein Klassiker","Man kennt ihn - man liebt ihn. Seit Jahrzehnten ein solider Sportschuh fÃ¼r den HallenfuÃŸball.","0.2222222222222222","0.28888888888888886"
"5c3bccc5062a580006b77f09","2019-01-14 00:41:00+01","Hamburg","603911421",4,"Ich empfehle weiter ","Die Schuhe ist optisch super aber wenn mann 43 GrÃ¶ÃŸe haben dann muss man 44 GrÃ¶ÃŸe kaufen.","0.8","0.75"
"5d2cc25c546f94000630f20d","2019-07-15 20:13:00+02","Dortmund","603911421",5," Top QualitÃ¤t, super Preis ...","Top QualitÃ¤t, super Preis LeistungsverhÃ¤ltnis  , schÃ¶ne neutrale Farbe, , Top Passform","0.6214285714285716","0.6285714285714287"
"5e970f22a8e71d1b9a93007a","2020-04-15 15:41:00+02","Freiberg","603911421",5,"Super Schuhe","Sehr leicht und bequem. Adidas schuhe gefÃ¤lt mir sehr. Super QualitÃ¤t und Passform.","0.44222222222222224","0.6211111111111111"
"63b9a882c9c3351da95252f8","2023-01-07 18:14:00+01","Essenbach         Althei","603911421",5,"","",NULL,NULL
"63b5399fc3a6cc57f99ed99d","2023-01-04 09:32:00+01","Hamburg","603911421",5,"","",NULL,NULL
"5d700023dae5b10006e695f9","2019-09-04 20:19:00+02","Leverkusen","603911421",2,"Bisschen enttÃ¤uscht..","Die Kaiser 5 sind meiner Meinung nach, nicht mehr die Schuhe die sie mal waren.","-0.75","0.75"
"62cb21d514cf475538ae2751","2022-07-10 21:00:00+02","Schwerin","603911421",5,"Ideal ","sehr angenehmer Tragekomfort,schnelle Lieferung ğŸ‘ğŸ‘ğŸ‘","0.5633333333333334","0.7000000000000001"
"60f1770a6cce7162e3f59626","2021-07-16 14:09:00+02","Berlin","603911421",5,"Ein toller Artikel der SpaÃŸ macht.","Super QualitÃ¤t, tolles Design und hervorragender Tragekomfort. ADIDAS eben.","0.74","0.6900000000000001"
"624e955a25dbd634a7b238f4","2022-04-07 09:40:00+02","Schoenewalde","603911421",5,"Toller Schuh","Schuh fÃ¤llt kleiner aus.Gute Verarbeitung. Angenehme Trageeigenschaften.","0.5583333333333333","0.7041666666666667"
"61f993d90e6b5b5cc8c0155e","2022-02-01 21:11:00+01","Gladbeck","603911421",5,"toller artikel","Mein mann ist sehr zufrieden sind bequem top.kann ich nur weiterempfehlen","0.4625","0.8875"
"60fd2fa17b1dd21c5934dbc7","2021-07-25 11:32:00+02","Groeningen","603911421",5,"Super schÃ¶ner Hallenschuh","Der Schuh passt super. Er ist leicht und bequem. Mein Sohn ist begeistert","0.5222222222222223","0.7694444444444444"
"5daf001920b4af000879be81","2019-10-22 15:11:00+02","Dobin Am See","603911421",5,"Alles ok , fusballshuche ist super.adidas ...","Alles ok , fusballshuche ist super.adidas kaiser 5 ğŸ˜„ğŸ˜‰","0.65","0.625"
"5b9f94232a8b85000643142d","2018-09-17 13:46:00+02","Juelich","603911421",5,"SchÃ¶ner Schuh ","Passt genau gutes Material  angenehm zu tragen hÃ¤lt was er verspricht","0.5666666666666665","0.8000000000000002"
"5f82fdf94d8c2b541a8e17fd","2020-10-11 14:43:00+02","Hamburg","603911421",5,"Super Schuh ","Super Schuh, trage ihn als Alltags Sneaker. Bequem, gut verarbeitet.","0.45000000000000007","0.7250000000000001"
"624c42a525dbd634a7293114","2022-04-05 15:22:00+02","Wernigerode","603911421",5,"Super","Typisch adidas. Immer vernÃ¼nftige QualitÃ¤t. Auch die GrÃ¶ÃŸe passt","0.3444444444444445","0.7000000000000001"
"6183762946145d0498be5670","2021-11-04 06:56:00+01","Pfinztal","603911421",5,"Top","Mein Mann liebt die Schuhe! Super bequem und Preis ist auch gut!","0.611111111111111","0.5888888888888889"
"5b64850bf5b1bd0005c5c4ea","2018-08-03 18:38:00+02","Wilhelmshaven","603911421",5,"Ein Toller Schuh ","Super Schuhe wÃ¼rde ich mir immer wieder kaufen .................","0.8","0.75"
"6185881546145d04984ad0e2","2021-11-05 20:37:00+01","Schoeffengrund","603911421",5,"Toller Schuh","Sehr bequemer Schuh. Habe jedoch 1 1/2 GrÃ¶ÃŸen grÃ¶ÃŸer gebraucht.","0.44","0.75"
"5b12259041e0490001bea612","2018-06-02 07:05:00+02","Simmershofen","603911421",5,"Adidas QualitÃ¤t","Guter und schÃ¶ner Schuh. Adidas QualitÃ¤t kommt hier zum Tragen","0.7749999999999999","0.8"
"62255de898f9911edf43a4f7","2022-03-07 02:20:00+01","Graefenhainichen","603911421",5,"Super QualitÃ¤t ","Gewohnte QualitÃ¤t von Adidas. Passt perfekt. Empfehlung...","0.5694444444444444","0.7222222222222222"
"61d35a17352c1a14ff4ee451","2022-01-03 21:18:00+01","Neufeld","603911421",4,"FÃ¤llt gar nicht so klein aus ","Artikel fÃ¤llt normal aus und nicht wie angegeben zu klein.","-0.11666666666666665","0.4833333333333332"
"60b3453d0de4d241983c7a65","2021-05-30 09:56:00+02","Memmingen","603911421",5,"Sehr schÃ¶ner Artikel...mein Mann liebt ...","Sehr schÃ¶ner Artikel...mein Mann liebt sie....zu empfehlen","0.78","1.0"
"5f5a4cc3a878fb662ea77f5e","2020-09-10 17:56:00+02","Weiler-Simmerberg","603911421",1,"Zu klein","Ich habe bestellt 42.5 groÃŸe, hat gekommt 39.5Was jetzt?","-0.017857142857142863","0.41428571428571426"
"5ce30d29e9b05200064dd670","2019-05-20 22:25:00+02","Waiblingen","603911421",5,"Ein toller artikel, der spaÃŸ macht","Adidas schuhe gefÃ¤lt mir sehr, und lieferung war schnell.","0.42333333333333334","0.4275"
"5d07fc902a804c0006c387d8","2019-06-17 22:48:00+02","Oberstdorf","603911421",5,"Vielen Dank fÃ¼r die gute Behandlung und das ...","Vielen Dank fÃ¼r die gute Behandlung und das gute Produkt","0.6999999999999998","0.6000000000000001"
"5be2b8bd203f37000606c7f0","2018-11-07 11:04:00+01","Weiler","603911421",4,"Ein Traum von einem Schuh. WÃ¼rde ich immer ...","Ein Traum von einem Schuh. WÃ¼rde ich immer kaufen. super","1.0","1.0"
"5af0353525deb00001d1c8de","2018-05-07 13:15:00+02","Salzhemmendorf","603911421",5,"Super Schuh","der Schuh von Adidass ist bequem und robust einfach toll","0.6166666666666667","0.7916666666666667"
"616879064908c23dd3cdafed","2021-10-14 20:37:00+02","Halle","603911421",4,"Gutes festes Schuhwerk, sportlicher Look, ...","Gutes festes Schuhwerk, sportlicher Look, sehr bequem","0.384","0.4800000000000001"
"61671f70a6f8b004d57be4a3","2021-10-13 20:03:00+02","Bremen","603911421",4,"ğŸ‘","Es ist ein tolles Artikel Ich empfehle euch ........","0.8","0.75"
"5ef21c8e2d11326ee4ec5c69","2020-06-23 17:15:00+02","Nattheim","603911421",5,"Tolle Schuhe ","Sehr angenehm zu tragender Schuh, optisch  perfekt.","0.9177777777777778","0.9166666666666666"
"5ccddde224a89b000627d6b0","2019-05-04 20:45:00+02","Suederhastedt","603911421",5,"schnelle Lieferung","Toller Schuh passt genau Sehr gut fÃ¼r die Freizeit","0.4","0.6125"
"5b012804bc23fe0001cfecaa","2018-05-20 09:47:00+02","Alsfeld","603911421",5,"Super QualitÃ¤t","Super QualitÃ¤t und Passform, sehr angenem zu tragen","0.505","0.6833333333333333"
"5e1da368a2a5c34b9f8b58ab","2020-01-14 12:18:00+01","Hannover","603911421",4,"Ja nicht schlecht, gut ","adidas Performance Â»Kaiser 5 GoalÂ« Sneaker ist gut","0.5833333333333333","0.6222222222222222"
"64c50eb42259ca6e8015c5fc","2023-07-29 15:05:00+02","Pracht","S085O0LE",5,"Klasse Optik ","Toller komfortabler FuÃŸballschuh, GrÃ¶ÃŸe entspricht den Angaben . Tolle Farbgebung.","0.7","0.7625"
"64b9474dae01694759c25735","2023-07-20 16:40:00+02","Forst","1626960221",3,"","",NULL,NULL
"64479b2bb105932060bd2b92","2023-04-25 11:19:00+02","Roethlein","1626960221",5,"guter bestÃ¤ndiger Schuh","schÃ¶ner breiter Schuh zu gÃ¼nstigen Preis mit top Profil und sehr bequem und einfacher SchÃ¼rrung","0.3171428571428571","0.5986394557823129"
"641def65e8e369525962743a","2023-03-24 19:43:00+01","Essen","1626960221",5,"Passen wie angegossen ","SchÃ¶ner Schuh, passt von der GrÃ¶ÃŸte her wie angegossen. Empfehlung.","0.75","0.7999999999999999"
"6418b8e83db180486a733298","2023-03-20 20:50:00+01","Oldenburg","1400899805",4,"guter Artikel","GrundsÃ¤tzlich ist der Schuh gut. Leider ist der Schuh viel zu eng. (sowohl LÃ¤nge als auch Breite) Ich habe normalerweise GrÃ¶ÃŸe 42. Man mÃ¼sste wohl 44 bestellen, damit man in den Schuh kommt, nur leider wÃ¤re er dann wohl zu lang.","0.0026785714285714104","0.6419642857142858"
"63ab3a141cf053024556924a","2022-12-27 19:31:00+01","Castrop-Rauxel","1400899805",5,"SchÃ¶ne schuhe","ğŸ‘ğŸ‘ğŸ‘ğŸ‘ğŸ‘ğŸ‘ğŸ‘ğŸ‘ğŸ‘ğŸ‘ğŸ‘ğŸ‘ğŸ‘ğŸ‘ğŸ‘ğŸ‘ğŸ‘ğŸ¿ğŸ‘ğŸ¿ğŸ‘ğŸ¿ğŸ‘ğŸ‘ğŸ‘ğŸ‘","0.6","1.0"
"63dccfba89fce744518b929c","2023-02-03 10:11:00+01","Giessen","1400899805",5,"Top FuÃŸballschuh","Bin echt zufrieden mit dem Schuh. Guter Halt, guter Grip auch fÃ¼r Indoor Kunstrasen und gute Verarbeitung.","0.4166666666666667","0.7166666666666668"
"64804825e87f7e41069500d4","2023-06-07 11:04:00+02","Bremen","1400899805",3,"","",NULL,NULL
"6387387fc8011017c888d263","2022-11-30 12:03:00+01","Bremerhaven","1400899805",5,"Gut. ","Sind gut haben die aber zu groÃŸ gekauft. Wollten GrÃ¶ÃŸe kleiner haben. Die waren aber schon ausverkauft.","0.2333333333333333","0.4000000000000001"
"643c2ef610a246409bffa60d","2023-04-16 19:23:00+02","Lohne","1400899805",5,"Top","ğŸ‘ğŸ»","0.5","0.5"
"641c057b52288575fbd293a8","2023-03-23 08:53:00+01","Schwerin","1400899805",1,"","",NULL,NULL
"6345d08e2d3b710afba0617c","2022-10-11 22:22:00+02","Leipzig","1400899805",4,"Bequem","Bequeme sportliche Schuhe, habe ich fÃ¼r meinen Sohn gekauft...","0.4","0.8"
"623c54358533880f8a6b9fa1","2022-03-24 12:21:00+01","Kassel","1400899805",5,"SchÃ¶ne Schuhe fÃ¼r Sport mein Sohn ist ...","SchÃ¶ne Schuhe fÃ¼r Sport mein Sohn ist zufrieden  ğŸ‘ŒğŸ‘ŒğŸ‘ŒğŸ‘ğŸ‘ğŸ‘ğŸ‘ğŸ‘","0.475","0.8"
"62212c5b98f9911edf49c43f","2022-03-03 22:00:00+01","Sauensiek","1400899805",5,"StÃ¤ndiger Begleiter","Rausgewachsen und in gleich eine Nummer grÃ¶sser wiedergekauft - der Schuh ist der Lieblingshallenschuh meines Sohnes!","0.15625","0.4583333333333333"
"62cd6ee728cb222864e893b9","2022-07-12 14:53:00+02","Hamburg","1400899805",4,"Ein toller Artikel, schÃ¶n sport schuhe ğŸ‘ŒğŸ‘ğŸ‘.","Sher schÃ¶n sportliche schuhe, mein sohn zufrieden  ğŸ‘ŒğŸ‘ğŸ‘ŒğŸ‘ğŸ‘","0.625","0.9375"
"63a98126c6fb0d6b4d08b7dd","2022-12-26 12:10:00+01","Wanzleben-Boerde","1400899805",5,"Tolles Produkt ","Super angenehm zu tragen, nur zu empfehlen","0.4666666666666667","0.8458333333333333"
"6234ee47dd63bc3cfeda29da","2022-03-18 21:40:00+01","Berlin","1400899805",5,"Sehr toll ","Ich spiele gerne mit der Schule FuÃŸball und macht sehr viel SpaÃŸ","0.55","0.475"
"62dc31096166c66965638bac","2022-07-23 19:34:00+02","Dortmund","1400899805",4,"Gutes Preis VerhÃ¤ltnis ","Guter Schuh, fÃ¼r einen breiten FuÃŸ nicht unbedingt geeignet","0.25625","0.5875"
"62a6ed2e0067d549999c66c8","2022-06-13 09:54:00+02","Berlin","1400899805",5,"Tolle Schuhe ","Sehr schÃ¶ne sportliche Schuhe kann ich nur weiterempfehlen","0.5266666666666667","0.9166666666666666"
"6435b75beacc9d53c3c11713","2023-04-11 21:39:00+02","Hamburg","1637124868",4,"Schick aber viel zu klein","Der Schuh fÃ¤llt sehr klein aus, haben Ihn schon grÃ¶ÃŸer bestellt hat aber nicht gereicht. Der Schuh ist auch sehr eng geschnitten, nichts fÃ¼r breite FÃ¼sse.","-0.09077380952380953","0.38398809523809524"
"64479b64e95a670b88038b3d","2023-04-25 11:20:00+02","Roethlein","1637124868",2,"viel zu schmale PaÃŸform","viel zu eng geschnittener Schuh fÃ¼r MICH, leider","-0.09571428571428571","0.41714285714285715"
"6443ca45498bc648066184b6","2023-04-22 13:51:00+02","Koeln","1637124868",5,"Toller Schuhe ","Die sind genau richtig kann ich nur empfehlen","0.4","0.875"
"64b4ebf62b0e1148c27c9469","2023-07-17 09:21:00+02","Roesrath","1626920927",4,"","",NULL,NULL
"6429479969b25871766026e2","2023-04-02 11:15:00+02","Muelheim","1626920927",4,"","",NULL,NULL
"642849ba69b25871761926a9","2023-04-01 17:11:00+02","Klettgau","1637134858",3,"Gute Schuhe aber nicht fÃ¼r FÃ¼ÃŸe die breit sind","Gute Schuhe aber nicht fÃ¼r FÃ¼ÃŸe die breit sind","0.29999999999999993","0.5"
"64a8f41c456cfb75c4ddc5af","2023-07-08 07:29:00+02","Brandis","S0M1W0LQ",1,"EnttÃ¤uschend!","Vor ca. 20 Jahren gleiche Marke gekauft in der selben GrÃ¶ÃŸe, 44,5. Passt noch heute !!!!! wunderbar. Jetzt viel zu schmal und zu klein. Macht es Sinn nur in Asien herzustellen? AuÃŸer billig fÃ¼r die Hersteller (Gewinn)?","0.044444444444444446","0.5166666666666666"
"64479c37b105932060bd7df9","2023-04-25 11:24:00+02","Roethlein","1626949209",2,"zu teuer fÃ¼r den Plastikschuh","nette Kampagne mit dem wiederverwertetem Plastik, doch dann zu teuer, da nix besonderes dran ist","-0.010714285714285718","0.7428571428571429"
"64090b4d9abaab522974a09b","2023-03-08 23:25:00+01","Nuernberg","S0Q5X0YS",2,"Die Schuhe sind unbequem ","",NULL,NULL
"6418ba9f3db180486a73d56a","2023-03-20 20:57:00+01","Oldenburg","S09660T8",5,"super Artikel","Der Schuh passt wie angegossen. Wer normalerweise GrÃ¶ÃŸe 42 hat, sollte genau die GrÃ¶ÃŸe bestellen. Angenehmes Tragen, tolle DÃ¤mpfung und gutes BallgefÃ¼hl mit dem Schuh! Kaufen!","0.5875","0.5875"
"635503584aa0534da738ed98","2022-10-23 11:03:00+02","Gronau","S0C3Z0PJ",5,"ğŸ‘ğŸ‘ğŸ‘ğŸ‘ğŸ‘","Sehr schÃ¶n und gute QualitÃ¤t ğŸ‘ğŸ» ğŸ˜ ğŸ‘ğŸ‘ğŸ‘ğŸ‘ğŸ‘ğŸ‘ğŸ‘ğŸ‘","0.5599999999999999","0.6"
"6452aaf4e46a1f23403f6d62","2023-05-03 20:41:00+02","Danndorf","1683027257",5,"","",NULL,NULL
